scenario,policy,seeds,num_runs,timeout_ms,window_id,window_start_read,window_end_read,slow_disk_a_id,slow_disk_a_state,slow_disk_b_id,slow_disk_b_state,active_slow_disks,p50_ms_median,p50_ms_min,p50_ms_max,p95_ms_median,p95_ms_min,p95_ms_max,p99_ms_median,p99_ms_min,p99_ms_max,issued_shard_reads_median,issued_shard_reads_min,issued_shard_reads_max,bandwidth_overhead_pct_median,bandwidth_overhead_pct_min,bandwidth_overhead_pct_max,parity_reads_median,parity_reads_min,parity_reads_max,proactive_or_degraded_reads_median,proactive_or_degraded_reads_min,proactive_or_degraded_reads_max,decode_count_median,decode_count_min,decode_count_max,migration_triggers_median,migration_triggers_min,migration_triggers_max,migration_true_positives_median,migration_true_positives_min,migration_true_positives_max,migration_false_positives_median,migration_false_positives_min,migration_false_positives_max
dynamic_stress_100d_20pct_hdd,vanilla_ec,42..71,30,15,0,0,50000,80,healthy,90,healthy,0,12.5,12.5,12.5,16.8,16.8,16.9,18.8,18.7,18.9,200000,200000,200000,0,0,0,0,0,0,0,0,0,0,0,0,0,0,0,0,0,0,0,0,0
dynamic_stress_100d_20pct_hdd,vanilla_ec,42..71,30,15,1,50000,100000,80,healthy,90,healthy,0,12.5,12.5,12.5,16.8,16.8,16.9,18.8,18.7,18.9,200000,200000,200000,0,0,0,0,0,0,0,0,0,0,0,0,0,0,0,0,0,0,0,0,0
dynamic_stress_100d_20pct_hdd,vanilla_ec,42..71,30,15,2,100000,150000,80,healthy,90,healthy,0,12.5,12.5,12.5,16.8,16.8,16.9,18.8,18.7,18.9,200000,200000,200000,0,0,0,0,0,0,0,0,0,0,0,0,0,0,0,0,0,0,0,0,0
dynamic_stress_100d_20pct_hdd,vanilla_ec,42..71,30,15,3,150000,200000,80,mild_slow,90,healthy,10,12.8,12.7,12.8,29.8,29.5,30.3,39.35,38.8,39.9,200000,200000,200000,0,0,0,0,0,0,0,0,0,0,0,0,0,0,0,0,0,0,0,0,0
dynamic_stress_100d_20pct_hdd,vanilla_ec,42..71,30,15,4,200000,250000,80,mild_slow,90,healthy,10,12.8,12.7,12.8,29.9,29.4,30.2,39.4,39.2,39.8,200000,200000,200000,0,0,0,0,0,0,0,0,0,0,0,0,0,0,0,0,0,0,0,0,0
dynamic_stress_100d_20pct_hdd,vanilla_ec,42..71,30,15,5,250000,300000,80,mild_slow,90,healthy,10,12.8,12.7,12.8,29.8,29.5,30.3,39.4,39.1,39.9,200000,200000,200000,0,0,0,0,0,0,0,0,0,0,0,0,0,0,0,0,0,0,0,0,0
dynamic_stress_100d_20pct_hdd,vanilla_ec,42..71,30,15,6,300000,350000,80,severe_slow,90,healthy,10,12.8,12.7,12.8,69.05,67.7,70,98.5,96.6,100.7,200000,200000,200000,0,0,0,0,0,0,0,0,0,0,0,0,0,0,0,0,0,0,0,0,0
dynamic_stress_100d_20pct_hdd,vanilla_ec,42..71,30,15,7,350000,400000,80,severe_slow,90,healthy,10,12.8,12.8,12.8,69.15,67.9,69.7,99,95.8,103,200000,200000,200000,0,0,0,0,0,0,0,0,0,0,0,0,0,0,0,0,0,0,0,0,0
dynamic_stress_100d_20pct_hdd,vanilla_ec,42..71,30,15,8,400000,450000,80,severe_slow,90,healthy,10,12.8,12.7,12.8,68.85,68.2,69.6,98.1,96.2,103.5,200000,200000,200000,0,0,0,0,0,0,0,0,0,0,0,0,0,0,0,0,0,0,0,0,0
dynamic_stress_100d_20pct_hdd,vanilla_ec,42..71,30,15,9,450000,500000,80,recovery,90,mild_slow,10,13,13,13.1,29.95,29.6,30.4,40,39.6,40.4,200000,200000,200000,0,0,0,0,0,0,0,0,0,0,0,0,0,0,0,0,0,0,0,0,0
dynamic_stress_100d_20pct_hdd,vanilla_ec,42..71,30,15,10,500000,550000,80,recovery,90,mild_slow,10,13,13,13.1,30,29.7,30.3,40.1,39.5,40.7,200000,200000,200000,0,0,0,0,0,0,0,0,0,0,0,0,0,0,0,0,0,0,0,0,0
dynamic_stress_100d_20pct_hdd,vanilla_ec,42..71,30,15,11,550000,600000,80,healthy,90,severe_slow,10,12.8,12.7,12.8,68.8,67.7,69.8,99.25,96.1,101.9,200000,200000,200000,0,0,0,0,0,0,0,0,0,0,0,0,0,0,0,0,0,0,0,0,0
dynamic_stress_100d_20pct_hdd,vanilla_ec,42..71,30,15,12,600000,650000,80,healthy,90,severe_slow,10,12.8,12.7,12.8,68.75,67.2,69.4,99.3,95.3,106.5,200000,200000,200000,0,0,0,0,0,0,0,0,0,0,0,0,0,0,0,0,0,0,0,0,0
dynamic_stress_100d_20pct_hdd,vanilla_ec,42..71,30,15,13,650000,700000,80,healthy,90,severe_slow,10,12.8,12.7,12.8,69,68.1,69.6,98.35,95.7,103.8,200000,200000,200000,0,0,0,0,0,0,0,0,0,0,0,0,0,0,0,0,0,0,0,0,0
dynamic_stress_100d_20pct_hdd,vanilla_ec,42..71,30,15,14,700000,750000,80,mild_slow,90,recovery,10,13,13,13.1,30.1,29.8,30.5,40.2,39.3,40.8,200000,200000,200000,0,0,0,0,0,0,0,0,0,0,0,0,0,0,0,0,0,0,0,0,0
dynamic_stress_100d_20pct_hdd,vanilla_ec,42..71,30,15,15,750000,800000,80,recovery,90,recovery,0,13,13,13,20.2,20.1,20.4,24.6,24.3,24.9,200000,200000,200000,0,0,0,0,0,0,0,0,0,0,0,0,0,0,0,0,0,0,0,0,0
dynamic_stress_100d_20pct_hdd,vanilla_ec,42..71,30,15,16,800000,850000,80,healthy,90,healthy,0,12.5,12.5,12.5,16.8,16.8,16.9,18.8,18.7,18.9,200000,200000,200000,0,0,0,0,0,0,0,0,0,0,0,0,0,0,0,0,0,0,0,0,0
dynamic_stress_100d_20pct_hdd,vanilla_ec,42..71,30,15,17,850000,900000,80,healthy,90,healthy,0,12.5,12.5,12.5,16.8,16.8,16.9,18.8,18.7,18.9,200000,200000,200000,0,0,0,0,0,0,0,0,0,0,0,0,0,0,0,0,0,0,0,0,0
dynamic_stress_100d_20pct_hdd,vanilla_ec,42..71,30,15,18,900000,950000,80,healthy,90,healthy,0,12.5,12.5,12.5,16.8,16.8,16.9,18.8,18.8,19,200000,200000,200000,0,0,0,0,0,0,0,0,0,0,0,0,0,0,0,0,0,0,0,0,0
dynamic_stress_100d_20pct_hdd,vanilla_ec,42..71,30,15,19,950000,1000000,80,healthy,90,healthy,0,12.5,12.5,12.5,16.8,16.8,16.9,18.8,18.7,18.9,200000,200000,200000,0,0,0,0,0,0,0,0,0,0,0,0,0,0,0,0,0,0,0,0,0
dynamic_stress_100d_20pct_hdd,late_binding,42..71,30,15,0,0,50000,80,healthy,90,healthy,0,10.7,10.7,10.7,14,14,14,15.4,15.4,15.5,250000,250000,250000,25,25,25,50000,50000,50000,50000,50000,50000,39982,39791,40257,0,0,0,0,0,0,0,0,0
dynamic_stress_100d_20pct_hdd,late_binding,42..71,30,15,1,50000,100000,80,healthy,90,healthy,0,10.7,10.7,10.7,14,14,14.1,15.5,15.4,15.5,250000,250000,250000,25,25,25,50000,50000,50000,50000,50000,50000,40008.5,39831,40187,0,0,0,0,0,0,0,0,0
dynamic_stress_100d_20pct_hdd,late_binding,42..71,30,15,2,100000,150000,80,healthy,90,healthy,0,10.7,10.7,10.7,14,14,14,15.5,15.4,15.5,250000,250000,250000,25,25,25,50000,50000,50000,50000,50000,50000,40008.5,39886,40150,0,0,0,0,0,0,0,0,0
dynamic_stress_100d_20pct_hdd,late_binding,42..71,30,15,3,150000,200000,80,mild_slow,90,healthy,10,10.9,10.9,11,25.1,24.6,25.4,32.5,32.2,32.9,250000,250000,250000,25,25,25,50000,50000,50000,50000,50000,50000,39692.5,39568,39859,0,0,0,0,0,0,0,0,0
dynamic_stress_100d_20pct_hdd,late_binding,42..71,30,15,4,200000,250000,80,mild_slow,90,healthy,10,10.9,10.9,11,25.1,24.7,25.4,32.5,32.3,33,250000,250000,250000,25,25,25,50000,50000,50000,50000,50000,50000,39718.5,39567,39860,0,0,0,0,0,0,0,0,0
dynamic_stress_100d_20pct_hdd,late_binding,42..71,30,15,5,250000,300000,80,mild_slow,90,healthy,10,10.9,10.9,11,25.15,24.8,25.5,32.6,32.4,32.9,250000,250000,250000,25,25,25,50000,50000,50000,50000,50000,50000,39711,39494,39835,0,0,0,0,0,0,0,0,0
dynamic_stress_100d_20pct_hdd,late_binding,42..71,30,15,6,300000,350000,80,severe_slow,90,healthy,10,10.9,10.9,11,58,57.3,58.9,75.7,74.8,76.6,250000,250000,250000,25,25,25,50000,50000,50000,50000,50000,50000,39678.5,39428,39850,0,0,0,0,0,0,0,0,0
dynamic_stress_100d_20pct_hdd,late_binding,42..71,30,15,7,350000,400000,80,severe_slow,90,healthy,10,10.9,10.9,11,58.1,57.1,58.5,75.7,74.8,75.9,250000,250000,250000,25,25,25,50000,50000,50000,50000,50000,50000,39668,39511,39843,0,0,0,0,0,0,0,0,0
dynamic_stress_100d_20pct_hdd,late_binding,42..71,30,15,8,400000,450000,80,severe_slow,90,healthy,10,10.9,10.9,11,57.8,57.3,58.6,75.6,74.9,76.5,250000,250000,250000,25,25,25,50000,50000,50000,50000,50000,50000,39676.5,39538,39966,0,0,0,0,0,0,0,0,0
dynamic_stress_100d_20pct_hdd,late_binding,42..71,30,15,9,450000,500000,80,recovery,90,mild_slow,10,11.1,11.1,11.2,24.9,24.6,25.5,32.5,32.2,32.9,250000,250000,250000,25,25,25,50000,50000,50000,50000,50000,50000,39582,39344,39695,0,0,0,0,0,0,0,0,0
dynamic_stress_100d_20pct_hdd,late_binding,42..71,30,15,10,500000,550000,80,recovery,90,mild_slow,10,11.1,11.1,11.2,25,24.6,25.3,32.5,32.3,32.8,250000,250000,250000,25,25,25,50000,50000,50000,50000,50000,50000,39561,39402,39689,0,0,0,0,0,0,0,0,0
dynamic_stress_100d_20pct_hdd,late_binding,42..71,30,15,11,550000,600000,80,healthy,90,severe_slow,10,10.9,10.9,11,57.55,56.9,58.3,75.6,74.9,76.4,250000,250000,250000,25,25,25,50000,50000,50000,50000,50000,50000,39674.5,39467,39840,0,0,0,0,0,0,0,0,0
dynamic_stress_100d_20pct_hdd,late_binding,42..71,30,15,12,600000,650000,80,healthy,90,severe_slow,10,10.9,10.9,11,57.55,56.6,58.1,75.55,74.7,76,250000,250000,250000,25,25,25,50000,50000,50000,50000,50000,50000,39680.5,39443,39847,0,0,0,0,0,0,0,0,0
dynamic_stress_100d_20pct_hdd,late_binding,42..71,30,15,13,650000,700000,80,healthy,90,severe_slow,10,10.9,10.9,11,57.65,56.8,58.4,75.6,74.8,76.1,250000,250000,250000,25,25,25,50000,50000,50000,50000,50000,50000,39721,39564,39934,0,0,0,0,0,0,0,0,0
dynamic_stress_100d_20pct_hdd,late_binding,42..71,30,15,14,700000,750000,80,mild_slow,90,recovery,10,11.1,11.1,11.2,25.2,24.8,25.5,32.6,32.2,32.9,250000,250000,250000,25,25,25,50000,50000,50000,50000,50000,50000,39896.5,39760,40125,0,0,0,0,0,0,0,0,0
dynamic_stress_100d_20pct_hdd,late_binding,42..71,30,15,15,750000,800000,80,recovery,90,recovery,0,11.1,11.1,11.1,16.9,16.8,17.1,20.1,20,20.3,250000,250000,250000,25,25,25,50000,50000,50000,50000,50000,50000,39934,39849,40139,0,0,0,0,0,0,0,0,0
dynamic_stress_100d_20pct_hdd,late_binding,42..71,30,15,16,800000,850000,80,healthy,90,healthy,0,10.7,10.7,10.7,14,14,14.1,15.4,15.4,15.5,250000,250000,250000,25,25,25,50000,50000,50000,50000,50000,50000,39987,39818,40157,0,0,0,0,0,0,0,0,0
dynamic_stress_100d_20pct_hdd,late_binding,42..71,30,15,17,850000,900000,80,healthy,90,healthy,0,10.7,10.7,10.7,14,14,14,15.4,15.4,15.5,250000,250000,250000,25,25,25,50000,50000,50000,50000,50000,50000,40012,39775,40158,0,0,0,0,0,0,0,0,0
dynamic_stress_100d_20pct_hdd,late_binding,42..71,30,15,18,900000,950000,80,healthy,90,healthy,0,10.7,10.7,10.7,14,14,14,15.5,15.4,15.5,250000,250000,250000,25,25,25,50000,50000,50000,50000,50000,50000,39971.5,39817,40222,0,0,0,0,0,0,0,0,0
dynamic_stress_100d_20pct_hdd,late_binding,42..71,30,15,19,950000,1000000,80,healthy,90,healthy,0,10.7,10.7,10.7,14,14,14,15.4,15.4,15.5,250000,250000,250000,25,25,25,50000,50000,50000,50000,50000,50000,39983,39872,40195,0,0,0,0,0,0,0,0,0
dynamic_stress_100d_20pct_hdd,timeout_degraded_read,42..71,30,15,0,0,50000,80,healthy,90,healthy,0,12.5,12.5,12.5,16.8,16.7,16.8,18.8,18.6,18.8,208095.5,207920,208330,4,4,4.2,8095.5,7920,8330,8095.5,7920,8330,186.5,165,220,0,0,0,0,0,0,0,0,0
dynamic_stress_100d_20pct_hdd,timeout_degraded_read,42..71,30,15,1,50000,100000,80,healthy,90,healthy,0,12.5,12.5,12.5,16.8,16.7,16.9,18.75,18.6,18.8,208093.5,207976,208331,4.05,4,4.2,8093.5,7976,8331,8093.5,7976,8331,187.5,156,214,0,0,0,0,0,0,0,0,0
dynamic_stress_100d_20pct_hdd,timeout_degraded_read,42..71,30,15,2,100000,150000,80,healthy,90,healthy,0,12.5,12.5,12.5,16.8,16.8,16.9,18.7,18.6,18.8,208104.5,207960,208239,4.1,4,4.1,8104.5,7960,8239,8104.5,7960,8239,191,167,215,0,0,0,0,0,0,0,0,0
dynamic_stress_100d_20pct_hdd,timeout_degraded_read,42..71,30,15,3,150000,200000,80,mild_slow,90,healthy,10,12.8,12.7,12.8,27.7,27.4,28,36.05,35.8,36.5,211649.5,211449,211889,5.8,5.7,5.9,11649.5,11449,11889,11649.5,11449,11889,1931,1851,1985,0,0,0,0,0,0,0,0,0
dynamic_stress_100d_20pct_hdd,timeout_degraded_read,42..71,30,15,4,200000,250000,80,mild_slow,90,healthy,10,12.8,12.7,12.8,27.7,27.3,28.2,36.1,35.8,36.4,211669,211516,211831,5.8,5.8,5.9,11669,11516,11831,11669,11516,11831,1922.5,1847,1995,0,0,0,0,0,0,0,0,0
dynamic_stress_100d_20pct_hdd,timeout_degraded_read,42..71,30,15,5,250000,300000,80,mild_slow,90,healthy,10,12.8,12.7,12.8,27.8,27.4,28.1,36.1,35.8,36.4,211672,211475,211831,5.8,5.7,5.9,11672,11475,11831,11672,11475,11831,1927.5,1823,2040,0,0,0,0,0,0,0,0,0
dynamic_stress_100d_20pct_hdd,timeout_degraded_read,42..71,30,15,6,300000,350000,80,severe_slow,90,healthy,10,12.8,12.7,12.8,60.8,60,61.7,79.2,78.5,79.8,211720,211517,211893,5.9,5.8,5.9,11720,11517,11893,11720,11517,11893,3051,2970,3154,0,0,0,0,0,0,0,0,0
dynamic_stress_100d_20pct_hdd,timeout_degraded_read,42..71,30,15,7,350000,400000,80,severe_slow,90,healthy,10,12.8,12.8,12.8,60.8,59.8,61.4,79.25,78.4,79.9,211720.5,211542,211859,5.9,5.8,5.9,11720.5,11542,11859,11720.5,11542,11859,3087,2957,3172,0,0,0,0,0,0,0,0,0
dynamic_stress_100d_20pct_hdd,timeout_degraded_read,42..71,30,15,8,400000,450000,80,severe_slow,90,healthy,10,12.8,12.7,12.8,60.55,60.1,61.2,79.05,78.2,79.8,211686.5,211443,211838,5.8,5.7,5.9,11686.5,11443,11838,11686.5,11443,11838,3079.5,2973,3169,0,0,0,0,0,0,0,0,0
dynamic_stress_100d_20pct_hdd,timeout_degraded_read,42..71,30,15,9,450000,500000,80,recovery,90,mild_slow,10,13,13,13.1,27.5,27.3,28,35.9,35.6,36.4,213965.5,213802,214149,7,6.9,7.1,13965.5,13802,14149,13965.5,13802,14149,2281,2192,2346,0,0,0,0,0,0,0,0,0
dynamic_stress_100d_20pct_hdd,timeout_degraded_read,42..71,30,15,10,500000,550000,80,recovery,90,mild_slow,10,13,13,13.1,27.6,27.2,27.9,35.9,35.5,36.3,213931,213777,214129,7,6.9,7.1,13931,13777,14129,13931,13777,14129,2270.5,2202,2353,0,0,0,0,0,0,0,0,0
dynamic_stress_100d_20pct_hdd,timeout_degraded_read,42..71,30,15,11,550000,600000,80,healthy,90,severe_slow,10,12.8,12.7,12.8,59.9,59,61,78.85,78,79.6,211534.5,211443,211813,5.8,5.7,5.9,11534.5,11443,11813,11534.5,11443,11813,3148,3023,3271,0,0,0,0,0,0,0,0,0
dynamic_stress_100d_20pct_hdd,timeout_degraded_read,42..71,30,15,12,600000,650000,80,healthy,90,severe_slow,10,12.8,12.7,12.8,59.85,58.8,60.6,78.65,78.1,79.4,211564,211391,211764,5.8,5.7,5.9,11564,11391,11764,11564,11391,11764,3147.5,3021,3249,0,0,0,0,0,0,0,0,0
dynamic_stress_100d_20pct_hdd,timeout_degraded_read,42..71,30,15,13,650000,700000,80,healthy,90,severe_slow,10,12.8,12.7,12.8,60.1,59.3,60.8,78.8,78.2,79.6,211600,211443,211787,5.8,5.7,5.9,11600,11443,11787,11600,11443,11787,3143,3049,3336,0,0,0,0,0,0,0,0,0
dynamic_stress_100d_20pct_hdd,timeout_degraded_read,42..71,30,15,14,700000,750000,80,mild_slow,90,recovery,10,13,13,13.1,28.5,28.2,28.8,36.2,36,36.5,214036,213821,214209,7,6.9,7.1,14036,13821,14209,14036,13821,14209,1985.5,1923,2091,0,0,0,0,0,0,0,0,0
dynamic_stress_100d_20pct_hdd,timeout_degraded_read,42..71,30,15,15,750000,800000,80,recovery,90,recovery,0,13,13,13,20,19.9,20.2,23.9,23.7,24.1,213279.5,212957,213483,6.6,6.5,6.7,13279.5,12957,13483,13279.5,12957,13483,788,736,846,0,0,0,0,0,0,0,0,0
dynamic_stress_100d_20pct_hdd,timeout_degraded_read,42..71,30,15,16,800000,850000,80,healthy,90,healthy,0,12.5,12.5,12.5,16.8,16.7,16.8,18.75,18.7,18.8,208097,207950,208353,4,4,4.2,8097,7950,8353,8097,7950,8353,189,168,214,0,0,0,0,0,0,0,0,0
dynamic_stress_100d_20pct_hdd,timeout_degraded_read,42..71,30,15,17,850000,900000,80,healthy,90,healthy,0,12.5,12.5,12.5,16.8,16.7,16.8,18.7,18.6,18.9,208078,207979,208244,4,4,4.1,8078,7979,8244,8078,7979,8244,194.5,160,220,0,0,0,0,0,0,0,0,0
dynamic_stress_100d_20pct_hdd,timeout_degraded_read,42..71,30,15,18,900000,950000,80,healthy,90,healthy,0,12.5,12.5,12.5,16.8,16.7,16.8,18.8,18.7,18.9,208092.5,207970,208263,4,4,4.1,8092.5,7970,8263,8092.5,7970,8263,188.5,150,213,0,0,0,0,0,0,0,0,0
dynamic_stress_100d_20pct_hdd,timeout_degraded_read,42..71,30,15,19,950000,1000000,80,healthy,90,healthy,0,12.5,12.5,12.5,16.8,16.7,16.9,18.7,18.7,18.8,208096,207918,208220,4.05,4,4.1,8096,7918,8220,8096,7918,8220,192.5,160,220,0,0,0,0,0,0,0,0,0
dynamic_stress_100d_20pct_hdd,health_ec,42..71,30,15,0,0,50000,80,healthy,90,healthy,0,12.5,12.5,12.5,16.8,16.8,16.9,18.8,18.7,18.9,200000,200000,200000,0,0,0,0,0,0,0,0,0,0,0,0,0,0,0,0,0,0,0,0,0
dynamic_stress_100d_20pct_hdd,health_ec,42..71,30,15,1,50000,100000,80,healthy,90,healthy,0,12.5,12.5,12.5,16.8,16.8,16.9,18.8,18.7,18.9,200000,200000,200000,0,0,0,0,0,0,0,0,0,0,0,0,0,0,0,0,0,0,0,0,0
dynamic_stress_100d_20pct_hdd,health_ec,42..71,30,15,2,100000,150000,80,healthy,90,healthy,0,12.5,12.5,12.5,16.8,16.8,16.9,18.8,18.7,18.9,200000,200000,200000,0,0,0,0,0,0,0,0,0,0,0,0,0,0,0,0,0,0,0,0,0
dynamic_stress_100d_20pct_hdd,health_ec,42..71,30,15,3,150000,200000,80,mild_slow,90,healthy,10,12.8,12.7,12.8,27.3,26.9,27.7,36.7,36.2,37.1,202074.5,201846,202209,1,0.9,1.1,2074.5,1846,2209,2074.5,1846,2209,1678,1514,1812,0,0,3,0,0,3,0,0,0
dynamic_stress_100d_20pct_hdd,health_ec,42..71,30,15,4,200000,250000,80,mild_slow,90,healthy,10,12.8,12.7,12.8,26.3,25.7,26.7,35.3,34.9,36,202824,202681,202989,1.4,1.3,1.5,2824,2681,2989,2824,2681,2989,2324.5,2191,2445,1,0,4,1,0,4,0,0,0
dynamic_stress_100d_20pct_hdd,health_ec,42..71,30,15,5,250000,300000,80,mild_slow,90,healthy,10,12.8,12.7,12.8,26.1,25.4,26.4,34.9,34.5,35.3,203089,202910,203285,1.5,1.5,1.6,3089,2910,3285,3089,2910,3285,2545,2360,2685,0,0,3,0,0,3,0,0,0
dynamic_stress_100d_20pct_hdd,health_ec,42..71,30,15,6,300000,350000,80,severe_slow,90,healthy,10,12.7,12.7,12.8,54.2,52.9,55.5,77.55,76.4,78.6,202865,202733,203086,1.4,1.4,1.5,2865,2733,3086,2865,2733,3086,2387,2306,2490,8,5,10,8,5,10,0,0,0
dynamic_stress_100d_20pct_hdd,health_ec,42..71,30,15,7,350000,400000,80,severe_slow,90,healthy,10,12.7,12.7,12.7,52.75,50.6,53.4,75.6,74.9,76.3,203050.5,202922,203172,1.5,1.5,1.6,3050.5,2922,3172,3050.5,2922,3172,2563.5,2454,2693,0,0,0,0,0,0,0,0,0
dynamic_stress_100d_20pct_hdd,health_ec,42..71,30,15,8,400000,450000,80,severe_slow,90,healthy,10,12.7,12.7,12.7,52,50.8,53.6,74.95,74.6,75.9,203126.5,203009,203251,1.6,1.5,1.6,3126.5,3009,3251,3126.5,3009,3251,2625,2526,2743,0,0,0,0,0,0,0,0,0
dynamic_stress_100d_20pct_hdd,health_ec,42..71,30,15,9,450000,500000,80,recovery,90,mild_slow,10,12.9,12.9,12.9,26.4,25.9,27,36.4,35.9,36.8,204202.5,203956,204600,2.1,2,2.3,4202.5,3956,4600,4202.5,3956,4600,3106,2960,3375,4,4,7,4,4,7,0,0,0
dynamic_stress_100d_20pct_hdd,health_ec,42..71,30,15,10,500000,550000,80,recovery,90,mild_slow,10,12.9,12.9,12.9,25.7,25.2,26.1,35.2,34.9,35.6,204044,203691,204264,2,1.8,2.1,4044,3691,4264,4044,3691,4264,3141.5,2901,3308,0,0,1,0,0,1,0,0,0
dynamic_stress_100d_20pct_hdd,health_ec,42..71,30,15,11,550000,600000,80,healthy,90,severe_slow,10,12.7,12.7,12.7,54.25,52.8,55.4,77.6,76.9,78.9,203392.5,203208,203660,1.7,1.6,1.8,3392.5,3208,3660,3392.5,3208,3660,2651.5,2539,2858,6,4,6,6,4,6,0,0,0
dynamic_stress_100d_20pct_hdd,health_ec,42..71,30,15,12,600000,650000,80,healthy,90,severe_slow,10,12.7,12.7,12.8,52.8,51.3,54.6,75.6,74.7,76.2,203204,202989,203475,1.6,1.5,1.7,3204,2989,3475,3204,2989,3475,2615.5,2441,2776,0,0,0,0,0,0,0,0,0
dynamic_stress_100d_20pct_hdd,health_ec,42..71,30,15,13,650000,700000,80,healthy,90,severe_slow,10,12.7,12.7,12.8,52.6,50.9,54.9,74.95,74.3,75.9,203193,203054,203401,1.6,1.5,1.7,3193,3054,3401,3193,3054,3401,2667,2533,2776,0,0,0,0,0,0,0,0,0
dynamic_stress_100d_20pct_hdd,health_ec,42..71,30,15,14,700000,750000,80,mild_slow,90,recovery,10,12.85,12.8,12.9,24.5,23.9,25.2,36,35.6,36.6,203839.5,203468,204130,1.9,1.7,2.1,3839.5,3468,4130,3839.5,3468,4130,3297,2991,3601,0,0,2,0,0,2,0,0,0
dynamic_stress_100d_20pct_hdd,health_ec,42..71,30,15,15,750000,800000,80,recovery,90,recovery,0,12.8,12.8,12.8,18.5,18.4,18.6,22.3,22.1,22.6,203198.5,202827,203578,1.6,1.4,1.8,3198.5,2827,3578,3198.5,2827,3578,2654,2331,3011,0,0,0,0,0,0,0,0,0
dynamic_stress_100d_20pct_hdd,health_ec,42..71,30,15,16,800000,850000,80,healthy,90,healthy,0,12.4,12.4,12.5,16.8,16.7,16.8,18.8,18.7,18.9,201175.5,200997,201272,0.6,0.5,0.6,1175.5,997,1272,1175.5,997,1272,939.5,801,1030,0,0,0,0,0,0,0,0,0
dynamic_stress_100d_20pct_hdd,health_ec,42..71,30,15,17,850000,900000,80,healthy,90,healthy,0,12.5,12.4,12.5,16.8,16.7,16.8,18.8,18.7,18.9,200287,200247,200343,0.1,0.1,0.2,287,247,343,287,247,343,229.5,193,270,0,0,0,0,0,0,0,0,0
dynamic_stress_100d_20pct_hdd,health_ec,42..71,30,15,18,900000,950000,80,healthy,90,healthy,0,12.5,12.5,12.5,16.8,16.8,16.9,18.8,18.8,18.9,200102.5,200070,200132,0.1,0,0.1,102.5,70,132,102.5,70,132,80,53,104,0,0,0,0,0,0,0,0,0
dynamic_stress_100d_20pct_hdd,health_ec,42..71,30,15,19,950000,1000000,80,healthy,90,healthy,0,12.5,12.5,12.5,16.8,16.8,16.9,18.8,18.7,18.9,200033,200023,200051,0,0,0,33,23,51,33,23,51,27,18,42,0,0,0,0,0,0,0,0,0
