scenario_id,strategy_id,scenario,seed,num_disks,num_stripes,k,m,shard_size_bytes,migrated_shards,migrated_bytes,full_disk_bytes,cost_ratio,full_disk_cost_multiplier,stripe_level_migrated_stripes,stripe_level_migrated_shards,stripe_level_bytes,stripe_level_cost_ratio,pre_slowdown_migrations,migration_true_positives,migration_false_positives,migration_false_negatives
realistic_2pct,t28_default,dynamic_realistic_100d_2pct_hdd,42,100,5000,4,2,4096,4,16384,2457600,0.006667,150,2,12,49152,0.02,0,4,0,585
realistic_2pct,migration_disabled,dynamic_realistic_100d_2pct_hdd,42,100,5000,4,2,4096,0,0,2457600,0,inf,0,0,0,0,0,0,0,593
realistic_2pct,threshold_d2_a005,dynamic_realistic_100d_2pct_hdd,42,100,5000,4,2,4096,20,81920,2457600,0.033333,30,10,60,245760,0.1,0,20,0,550
realistic_2pct,threshold_d4_a005,dynamic_realistic_100d_2pct_hdd,42,100,5000,4,2,4096,12,49152,2457600,0.02,50,6,36,147456,0.06,0,12,0,568
realistic_2pct,threshold_d6_a005,dynamic_realistic_100d_2pct_hdd,42,100,5000,4,2,4096,8,32768,2457600,0.013333,75,4,24,98304,0.04,0,8,0,576
realistic_2pct,threshold_d8_a005,dynamic_realistic_100d_2pct_hdd,42,100,5000,4,2,4096,6,24576,2457600,0.01,100,3,18,73728,0.03,0,6,0,580
realistic_2pct,threshold_d2_a010,dynamic_realistic_100d_2pct_hdd,42,100,5000,4,2,4096,23,94208,2457600,0.038333,26.086957,11,66,270336,0.11,0,22,1,544
realistic_2pct,threshold_d4_a010,dynamic_realistic_100d_2pct_hdd,42,100,5000,4,2,4096,12,49152,2457600,0.02,50,6,36,147456,0.06,0,12,0,567
realistic_2pct,threshold_d6_a010,dynamic_realistic_100d_2pct_hdd,42,100,5000,4,2,4096,8,32768,2457600,0.013333,75,4,24,98304,0.04,0,8,0,575
realistic_2pct,threshold_d8_a010,dynamic_realistic_100d_2pct_hdd,42,100,5000,4,2,4096,6,24576,2457600,0.01,100,3,18,73728,0.03,0,6,0,580
realistic_2pct,evidence_w2_d4,dynamic_realistic_100d_2pct_hdd,42,100,5000,4,2,4096,12,49152,2457600,0.02,50,6,36,147456,0.06,0,11,0,568
realistic_2pct,evidence_w2_d6,dynamic_realistic_100d_2pct_hdd,42,100,5000,4,2,4096,8,32768,2457600,0.013333,75,4,24,98304,0.04,0,8,0,575
realistic_2pct,evidence_w3_d4,dynamic_realistic_100d_2pct_hdd,42,100,5000,4,2,4096,12,49152,2457600,0.02,50,6,36,147456,0.06,0,8,0,571
realistic_2pct,evidence_w3_d6,dynamic_realistic_100d_2pct_hdd,42,100,5000,4,2,4096,8,32768,2457600,0.013333,75,4,24,98304,0.04,0,6,0,578
realistic_2pct,topk_k2_d4,dynamic_realistic_100d_2pct_hdd,42,100,5000,4,2,4096,12,49152,2457600,0.02,50,6,36,147456,0.06,0,11,0,569
realistic_2pct,topk_k2_d6,dynamic_realistic_100d_2pct_hdd,42,100,5000,4,2,4096,8,32768,2457600,0.013333,75,4,24,98304,0.04,0,7,0,576
realistic_2pct,topk_k4_d4,dynamic_realistic_100d_2pct_hdd,42,100,5000,4,2,4096,12,49152,2457600,0.02,50,6,36,147456,0.06,0,12,0,567
realistic_2pct,topk_k4_d6,dynamic_realistic_100d_2pct_hdd,42,100,5000,4,2,4096,8,32768,2457600,0.013333,75,4,24,98304,0.04,0,7,0,576
realistic_2pct,hybrid_w2_k2_d4_c1,dynamic_realistic_100d_2pct_hdd,42,100,5000,4,2,4096,12,49152,2457600,0.02,50,6,36,147456,0.06,0,8,0,573
realistic_2pct,hybrid_w2_k4_d4_c1,dynamic_realistic_100d_2pct_hdd,42,100,5000,4,2,4096,12,49152,2457600,0.02,50,6,36,147456,0.06,0,9,0,571
realistic_2pct,t28_default,dynamic_realistic_100d_2pct_hdd,43,100,5000,4,2,4096,4,16384,2457600,0.006667,150,2,12,49152,0.02,0,4,0,580
realistic_2pct,migration_disabled,dynamic_realistic_100d_2pct_hdd,43,100,5000,4,2,4096,0,0,2457600,0,inf,0,0,0,0,0,0,0,588
realistic_2pct,threshold_d2_a005,dynamic_realistic_100d_2pct_hdd,43,100,5000,4,2,4096,21,86016,2457600,0.035,28.571429,11,66,270336,0.11,0,21,0,544
realistic_2pct,threshold_d4_a005,dynamic_realistic_100d_2pct_hdd,43,100,5000,4,2,4096,11,45056,2457600,0.018333,54.545455,6,36,147456,0.06,0,11,0,563
realistic_2pct,threshold_d6_a005,dynamic_realistic_100d_2pct_hdd,43,100,5000,4,2,4096,8,32768,2457600,0.013333,75,4,24,98304,0.04,0,8,0,572
realistic_2pct,threshold_d8_a005,dynamic_realistic_100d_2pct_hdd,43,100,5000,4,2,4096,6,24576,2457600,0.01,100,3,18,73728,0.03,0,6,0,575
realistic_2pct,threshold_d2_a010,dynamic_realistic_100d_2pct_hdd,43,100,5000,4,2,4096,22,90112,2457600,0.036667,27.272727,11,66,270336,0.11,0,22,0,540
realistic_2pct,threshold_d4_a010,dynamic_realistic_100d_2pct_hdd,43,100,5000,4,2,4096,12,49152,2457600,0.02,50,6,36,147456,0.06,0,12,0,562
realistic_2pct,threshold_d6_a010,dynamic_realistic_100d_2pct_hdd,43,100,5000,4,2,4096,8,32768,2457600,0.013333,75,4,24,98304,0.04,0,8,0,570
realistic_2pct,threshold_d8_a010,dynamic_realistic_100d_2pct_hdd,43,100,5000,4,2,4096,6,24576,2457600,0.01,100,3,18,73728,0.03,0,6,0,575
realistic_2pct,evidence_w2_d4,dynamic_realistic_100d_2pct_hdd,43,100,5000,4,2,4096,12,49152,2457600,0.02,50,6,36,147456,0.06,0,12,0,562
realistic_2pct,evidence_w2_d6,dynamic_realistic_100d_2pct_hdd,43,100,5000,4,2,4096,8,32768,2457600,0.013333,75,4,24,98304,0.04,0,8,0,570
realistic_2pct,evidence_w3_d4,dynamic_realistic_100d_2pct_hdd,43,100,5000,4,2,4096,12,49152,2457600,0.02,50,6,36,147456,0.06,0,8,0,566
realistic_2pct,evidence_w3_d6,dynamic_realistic_100d_2pct_hdd,43,100,5000,4,2,4096,8,32768,2457600,0.013333,75,4,24,98304,0.04,0,6,0,573
realistic_2pct,topk_k2_d4,dynamic_realistic_100d_2pct_hdd,43,100,5000,4,2,4096,12,49152,2457600,0.02,50,6,36,147456,0.06,0,10,0,564
realistic_2pct,topk_k2_d6,dynamic_realistic_100d_2pct_hdd,43,100,5000,4,2,4096,8,32768,2457600,0.013333,75,4,24,98304,0.04,0,7,0,571
realistic_2pct,topk_k4_d4,dynamic_realistic_100d_2pct_hdd,43,100,5000,4,2,4096,12,49152,2457600,0.02,50,6,36,147456,0.06,0,12,0,562
realistic_2pct,topk_k4_d6,dynamic_realistic_100d_2pct_hdd,43,100,5000,4,2,4096,8,32768,2457600,0.013333,75,4,24,98304,0.04,0,7,0,571
realistic_2pct,hybrid_w2_k2_d4_c1,dynamic_realistic_100d_2pct_hdd,43,100,5000,4,2,4096,12,49152,2457600,0.02,50,6,36,147456,0.06,0,8,0,568
realistic_2pct,hybrid_w2_k4_d4_c1,dynamic_realistic_100d_2pct_hdd,43,100,5000,4,2,4096,12,49152,2457600,0.02,50,6,36,147456,0.06,0,8,0,566
realistic_2pct,t28_default,dynamic_realistic_100d_2pct_hdd,44,100,5000,4,2,4096,4,16384,2457600,0.006667,150,2,12,49152,0.02,0,4,0,571
realistic_2pct,migration_disabled,dynamic_realistic_100d_2pct_hdd,44,100,5000,4,2,4096,0,0,2457600,0,inf,0,0,0,0,0,0,0,579
realistic_2pct,threshold_d2_a005,dynamic_realistic_100d_2pct_hdd,44,100,5000,4,2,4096,20,81920,2457600,0.033333,30,10,60,245760,0.1,0,19,0,537
realistic_2pct,threshold_d4_a005,dynamic_realistic_100d_2pct_hdd,44,100,5000,4,2,4096,10,40960,2457600,0.016667,60,5,30,122880,0.05,0,10,0,557
realistic_2pct,threshold_d6_a005,dynamic_realistic_100d_2pct_hdd,44,100,5000,4,2,4096,8,32768,2457600,0.013333,75,4,24,98304,0.04,0,8,0,562
realistic_2pct,threshold_d8_a005,dynamic_realistic_100d_2pct_hdd,44,100,5000,4,2,4096,6,24576,2457600,0.01,100,3,18,73728,0.03,0,6,0,566
realistic_2pct,threshold_d2_a010,dynamic_realistic_100d_2pct_hdd,44,100,5000,4,2,4096,22,90112,2457600,0.036667,27.272727,11,66,270336,0.11,0,21,0,530
realistic_2pct,threshold_d4_a010,dynamic_realistic_100d_2pct_hdd,44,100,5000,4,2,4096,12,49152,2457600,0.02,50,6,36,147456,0.06,0,12,0,553
realistic_2pct,threshold_d6_a010,dynamic_realistic_100d_2pct_hdd,44,100,5000,4,2,4096,8,32768,2457600,0.013333,75,4,24,98304,0.04,0,8,0,562
realistic_2pct,threshold_d8_a010,dynamic_realistic_100d_2pct_hdd,44,100,5000,4,2,4096,6,24576,2457600,0.01,100,3,18,73728,0.03,0,6,0,566
realistic_2pct,evidence_w2_d4,dynamic_realistic_100d_2pct_hdd,44,100,5000,4,2,4096,12,49152,2457600,0.02,50,6,36,147456,0.06,0,12,0,553
realistic_2pct,evidence_w2_d6,dynamic_realistic_100d_2pct_hdd,44,100,5000,4,2,4096,8,32768,2457600,0.013333,75,4,24,98304,0.04,0,8,0,562
realistic_2pct,evidence_w3_d4,dynamic_realistic_100d_2pct_hdd,44,100,5000,4,2,4096,12,49152,2457600,0.02,50,6,36,147456,0.06,0,8,0,557
realistic_2pct,evidence_w3_d6,dynamic_realistic_100d_2pct_hdd,44,100,5000,4,2,4096,8,32768,2457600,0.013333,75,4,24,98304,0.04,0,6,0,564
realistic_2pct,topk_k2_d4,dynamic_realistic_100d_2pct_hdd,44,100,5000,4,2,4096,12,49152,2457600,0.02,50,6,36,147456,0.06,0,10,0,555
realistic_2pct,topk_k2_d6,dynamic_realistic_100d_2pct_hdd,44,100,5000,4,2,4096,8,32768,2457600,0.013333,75,4,24,98304,0.04,0,8,0,562
realistic_2pct,topk_k4_d4,dynamic_realistic_100d_2pct_hdd,44,100,5000,4,2,4096,12,49152,2457600,0.02,50,6,36,147456,0.06,0,12,0,553
realistic_2pct,topk_k4_d6,dynamic_realistic_100d_2pct_hdd,44,100,5000,4,2,4096,8,32768,2457600,0.013333,75,4,24,98304,0.04,0,8,0,562
realistic_2pct,hybrid_w2_k2_d4_c1,dynamic_realistic_100d_2pct_hdd,44,100,5000,4,2,4096,12,49152,2457600,0.02,50,6,36,147456,0.06,0,8,0,559
realistic_2pct,hybrid_w2_k4_d4_c1,dynamic_realistic_100d_2pct_hdd,44,100,5000,4,2,4096,12,49152,2457600,0.02,50,6,36,147456,0.06,0,8,0,557
overlap_4pct,t28_default,dynamic_overlap_100d_4pct_hdd,42,100,5000,4,2,4096,6,24576,4915200,0.005,200,2,12,49152,0.01,0,6,0,1189
overlap_4pct,migration_disabled,dynamic_overlap_100d_4pct_hdd,42,100,5000,4,2,4096,0,0,4915200,0,inf,0,0,0,0,0,0,0,1199
overlap_4pct,threshold_d2_a005,dynamic_overlap_100d_4pct_hdd,42,100,5000,4,2,4096,39,159744,4915200,0.0325,30.769231,15,90,368640,0.075,0,35,0,1135
overlap_4pct,threshold_d4_a005,dynamic_overlap_100d_4pct_hdd,42,100,5000,4,2,4096,21,86016,4915200,0.0175,57.142857,8,48,196608,0.04,0,20,0,1164
overlap_4pct,threshold_d6_a005,dynamic_overlap_100d_4pct_hdd,42,100,5000,4,2,4096,14,57344,4915200,0.011667,85.714286,5,30,122880,0.025,0,14,0,1177
overlap_4pct,threshold_d8_a005,dynamic_overlap_100d_4pct_hdd,42,100,5000,4,2,4096,12,49152,4915200,0.01,100,4,24,98304,0.02,0,12,0,1181
overlap_4pct,threshold_d2_a010,dynamic_overlap_100d_4pct_hdd,42,100,5000,4,2,4096,42,172032,4915200,0.035,28.571429,16,96,393216,0.08,0,38,0,1129
overlap_4pct,threshold_d4_a010,dynamic_overlap_100d_4pct_hdd,42,100,5000,4,2,4096,21,86016,4915200,0.0175,57.142857,8,48,196608,0.04,0,19,0,1162
overlap_4pct,threshold_d6_a010,dynamic_overlap_100d_4pct_hdd,42,100,5000,4,2,4096,14,57344,4915200,0.011667,85.714286,5,30,122880,0.025,0,12,0,1174
overlap_4pct,threshold_d8_a010,dynamic_overlap_100d_4pct_hdd,42,100,5000,4,2,4096,12,49152,4915200,0.01,100,4,24,98304,0.02,0,11,0,1179
overlap_4pct,evidence_w2_d4,dynamic_overlap_100d_4pct_hdd,42,100,5000,4,2,4096,21,86016,4915200,0.0175,57.142857,8,48,196608,0.04,0,21,0,1162
overlap_4pct,evidence_w2_d6,dynamic_overlap_100d_4pct_hdd,42,100,5000,4,2,4096,14,57344,4915200,0.011667,85.714286,5,30,122880,0.025,0,13,0,1174
overlap_4pct,evidence_w3_d4,dynamic_overlap_100d_4pct_hdd,42,100,5000,4,2,4096,22,90112,4915200,0.018333,54.545455,8,48,196608,0.04,0,21,1,1163
overlap_4pct,evidence_w3_d6,dynamic_overlap_100d_4pct_hdd,42,100,5000,4,2,4096,14,57344,4915200,0.011667,85.714286,5,30,122880,0.025,0,13,0,1174
overlap_4pct,topk_k2_d4,dynamic_overlap_100d_4pct_hdd,42,100,5000,4,2,4096,21,86016,4915200,0.0175,57.142857,8,48,196608,0.04,0,19,0,1164
overlap_4pct,topk_k2_d6,dynamic_overlap_100d_4pct_hdd,42,100,5000,4,2,4096,14,57344,4915200,0.011667,85.714286,5,30,122880,0.025,0,13,0,1175
overlap_4pct,topk_k4_d4,dynamic_overlap_100d_4pct_hdd,42,100,5000,4,2,4096,21,86016,4915200,0.0175,57.142857,8,48,196608,0.04,0,19,1,1163
overlap_4pct,topk_k4_d6,dynamic_overlap_100d_4pct_hdd,42,100,5000,4,2,4096,14,57344,4915200,0.011667,85.714286,5,30,122880,0.025,0,13,0,1174
overlap_4pct,hybrid_w2_k2_d4_c1,dynamic_overlap_100d_4pct_hdd,42,100,5000,4,2,4096,21,86016,4915200,0.0175,57.142857,8,48,196608,0.04,0,15,1,1171
overlap_4pct,hybrid_w2_k4_d4_c1,dynamic_overlap_100d_4pct_hdd,42,100,5000,4,2,4096,21,86016,4915200,0.0175,57.142857,8,48,196608,0.04,0,20,0,1164
overlap_4pct,t28_default,dynamic_overlap_100d_4pct_hdd,43,100,5000,4,2,4096,6,24576,4915200,0.005,200,2,12,49152,0.01,0,6,0,1220
overlap_4pct,migration_disabled,dynamic_overlap_100d_4pct_hdd,43,100,5000,4,2,4096,0,0,4915200,0,inf,0,0,0,0,0,0,0,1230
overlap_4pct,threshold_d2_a005,dynamic_overlap_100d_4pct_hdd,43,100,5000,4,2,4096,42,172032,4915200,0.035,28.571429,16,96,393216,0.08,0,42,0,1164
overlap_4pct,threshold_d4_a005,dynamic_overlap_100d_4pct_hdd,43,100,5000,4,2,4096,21,86016,4915200,0.0175,57.142857,8,48,196608,0.04,0,21,0,1196
overlap_4pct,threshold_d6_a005,dynamic_overlap_100d_4pct_hdd,43,100,5000,4,2,4096,14,57344,4915200,0.011667,85.714286,5,30,122880,0.025,0,14,0,1208
overlap_4pct,threshold_d8_a005,dynamic_overlap_100d_4pct_hdd,43,100,5000,4,2,4096,12,49152,4915200,0.01,100,4,24,98304,0.02,0,12,0,1211
overlap_4pct,threshold_d2_a010,dynamic_overlap_100d_4pct_hdd,43,100,5000,4,2,4096,44,180224,4915200,0.036667,27.272727,16,96,393216,0.08,0,43,0,1155
overlap_4pct,threshold_d4_a010,dynamic_overlap_100d_4pct_hdd,43,100,5000,4,2,4096,22,90112,4915200,0.018333,54.545455,8,48,196608,0.04,0,22,0,1193
overlap_4pct,threshold_d6_a010,dynamic_overlap_100d_4pct_hdd,43,100,5000,4,2,4096,14,57344,4915200,0.011667,85.714286,5,30,122880,0.025,0,14,0,1204
overlap_4pct,threshold_d8_a010,dynamic_overlap_100d_4pct_hdd,43,100,5000,4,2,4096,12,49152,4915200,0.01,100,4,24,98304,0.02,0,12,0,1210
overlap_4pct,evidence_w2_d4,dynamic_overlap_100d_4pct_hdd,43,100,5000,4,2,4096,22,90112,4915200,0.018333,54.545455,8,48,196608,0.04,0,21,0,1194
overlap_4pct,evidence_w2_d6,dynamic_overlap_100d_4pct_hdd,43,100,5000,4,2,4096,14,57344,4915200,0.011667,85.714286,5,30,122880,0.025,0,13,0,1206
overlap_4pct,evidence_w3_d4,dynamic_overlap_100d_4pct_hdd,43,100,5000,4,2,4096,22,90112,4915200,0.018333,54.545455,8,48,196608,0.04,0,21,0,1195
overlap_4pct,evidence_w3_d6,dynamic_overlap_100d_4pct_hdd,43,100,5000,4,2,4096,14,57344,4915200,0.011667,85.714286,5,30,122880,0.025,0,13,0,1206
overlap_4pct,topk_k2_d4,dynamic_overlap_100d_4pct_hdd,43,100,5000,4,2,4096,22,90112,4915200,0.018333,54.545455,8,48,196608,0.04,0,20,1,1197
overlap_4pct,topk_k2_d6,dynamic_overlap_100d_4pct_hdd,43,100,5000,4,2,4096,14,57344,4915200,0.011667,85.714286,5,30,122880,0.025,0,13,0,1207
overlap_4pct,topk_k4_d4,dynamic_overlap_100d_4pct_hdd,43,100,5000,4,2,4096,22,90112,4915200,0.018333,54.545455,8,48,196608,0.04,0,22,0,1194
overlap_4pct,topk_k4_d6,dynamic_overlap_100d_4pct_hdd,43,100,5000,4,2,4096,14,57344,4915200,0.011667,85.714286,5,30,122880,0.025,0,13,0,1206
overlap_4pct,hybrid_w2_k2_d4_c1,dynamic_overlap_100d_4pct_hdd,43,100,5000,4,2,4096,22,90112,4915200,0.018333,54.545455,8,48,196608,0.04,0,16,1,1201
overlap_4pct,hybrid_w2_k4_d4_c1,dynamic_overlap_100d_4pct_hdd,43,100,5000,4,2,4096,22,90112,4915200,0.018333,54.545455,8,48,196608,0.04,0,22,0,1195
overlap_4pct,t28_default,dynamic_overlap_100d_4pct_hdd,44,100,5000,4,2,4096,6,24576,4915200,0.005,200,2,12,49152,0.01,0,5,0,1211
overlap_4pct,migration_disabled,dynamic_overlap_100d_4pct_hdd,44,100,5000,4,2,4096,0,0,4915200,0,inf,0,0,0,0,0,0,0,1221
overlap_4pct,threshold_d2_a005,dynamic_overlap_100d_4pct_hdd,44,100,5000,4,2,4096,43,176128,4915200,0.035833,27.906977,16,96,393216,0.08,0,43,0,1152
overlap_4pct,threshold_d4_a005,dynamic_overlap_100d_4pct_hdd,44,100,5000,4,2,4096,22,90112,4915200,0.018333,54.545455,8,48,196608,0.04,0,22,0,1185
overlap_4pct,threshold_d6_a005,dynamic_overlap_100d_4pct_hdd,44,100,5000,4,2,4096,14,57344,4915200,0.011667,85.714286,5,30,122880,0.025,0,14,0,1199
overlap_4pct,threshold_d8_a005,dynamic_overlap_100d_4pct_hdd,44,100,5000,4,2,4096,12,49152,4915200,0.01,100,4,24,98304,0.02,0,12,0,1203
overlap_4pct,threshold_d2_a010,dynamic_overlap_100d_4pct_hdd,44,100,5000,4,2,4096,44,180224,4915200,0.036667,27.272727,16,96,393216,0.08,0,41,0,1145
overlap_4pct,threshold_d4_a010,dynamic_overlap_100d_4pct_hdd,44,100,5000,4,2,4096,22,90112,4915200,0.018333,54.545455,8,48,196608,0.04,0,22,0,1183
overlap_4pct,threshold_d6_a010,dynamic_overlap_100d_4pct_hdd,44,100,5000,4,2,4096,14,57344,4915200,0.011667,85.714286,5,30,122880,0.025,0,14,0,1196
overlap_4pct,threshold_d8_a010,dynamic_overlap_100d_4pct_hdd,44,100,5000,4,2,4096,12,49152,4915200,0.01,100,4,24,98304,0.02,0,12,0,1201
overlap_4pct,evidence_w2_d4,dynamic_overlap_100d_4pct_hdd,44,100,5000,4,2,4096,22,90112,4915200,0.018333,54.545455,8,48,196608,0.04,0,21,0,1184
overlap_4pct,evidence_w2_d6,dynamic_overlap_100d_4pct_hdd,44,100,5000,4,2,4096,14,57344,4915200,0.011667,85.714286,5,30,122880,0.025,0,14,0,1196
overlap_4pct,evidence_w3_d4,dynamic_overlap_100d_4pct_hdd,44,100,5000,4,2,4096,22,90112,4915200,0.018333,54.545455,8,48,196608,0.04,0,19,0,1185
overlap_4pct,evidence_w3_d6,dynamic_overlap_100d_4pct_hdd,44,100,5000,4,2,4096,14,57344,4915200,0.011667,85.714286,5,30,122880,0.025,0,13,0,1197
overlap_4pct,topk_k2_d4,dynamic_overlap_100d_4pct_hdd,44,100,5000,4,2,4096,22,90112,4915200,0.018333,54.545455,8,48,196608,0.04,0,20,0,1186
overlap_4pct,topk_k2_d6,dynamic_overlap_100d_4pct_hdd,44,100,5000,4,2,4096,14,57344,4915200,0.011667,85.714286,5,30,122880,0.025,0,14,0,1196
overlap_4pct,topk_k4_d4,dynamic_overlap_100d_4pct_hdd,44,100,5000,4,2,4096,22,90112,4915200,0.018333,54.545455,8,48,196608,0.04,0,22,0,1183
overlap_4pct,topk_k4_d6,dynamic_overlap_100d_4pct_hdd,44,100,5000,4,2,4096,14,57344,4915200,0.011667,85.714286,5,30,122880,0.025,0,14,0,1196
overlap_4pct,hybrid_w2_k2_d4_c1,dynamic_overlap_100d_4pct_hdd,44,100,5000,4,2,4096,22,90112,4915200,0.018333,54.545455,8,48,196608,0.04,0,17,1,1191
overlap_4pct,hybrid_w2_k4_d4_c1,dynamic_overlap_100d_4pct_hdd,44,100,5000,4,2,4096,22,90112,4915200,0.018333,54.545455,8,48,196608,0.04,0,21,0,1185
stress_20pct,t28_default,dynamic_stress_100d_20pct_hdd,42,100,5000,4,2,4096,21,86016,24576000,0.0035,285.714286,6,36,147456,0.006,0,21,0,5888
stress_20pct,migration_disabled,dynamic_stress_100d_20pct_hdd,42,100,5000,4,2,4096,0,0,24576000,0,inf,0,0,0,0,0,0,0,5922
stress_20pct,threshold_d2_a005,dynamic_stress_100d_20pct_hdd,42,100,5000,4,2,4096,124,507904,24576000,0.020667,48.387097,36,216,884736,0.036,0,120,0,5686
stress_20pct,threshold_d4_a005,dynamic_stress_100d_20pct_hdd,42,100,5000,4,2,4096,67,274432,24576000,0.011167,89.552239,20,120,491520,0.02,0,67,0,5792
stress_20pct,threshold_d6_a005,dynamic_stress_100d_20pct_hdd,42,100,5000,4,2,4096,44,180224,24576000,0.007333,136.363636,13,78,319488,0.013,0,43,0,5838
stress_20pct,threshold_d8_a005,dynamic_stress_100d_20pct_hdd,42,100,5000,4,2,4096,32,131072,24576000,0.005333,187.5,10,60,245760,0.01,0,32,0,5856
stress_20pct,threshold_d2_a010,dynamic_stress_100d_20pct_hdd,42,100,5000,4,2,4096,142,581632,24576000,0.023667,42.253521,42,252,1032192,0.042,0,139,0,5631
stress_20pct,threshold_d4_a010,dynamic_stress_100d_20pct_hdd,42,100,5000,4,2,4096,77,315392,24576000,0.012833,77.922078,23,138,565248,0.023,0,76,0,5768
stress_20pct,threshold_d6_a010,dynamic_stress_100d_20pct_hdd,42,100,5000,4,2,4096,49,200704,24576000,0.008167,122.44898,14,84,344064,0.014,0,48,0,5822
stress_20pct,threshold_d8_a010,dynamic_stress_100d_20pct_hdd,42,100,5000,4,2,4096,36,147456,24576000,0.006,166.666667,10,60,245760,0.01,0,36,0,5851
stress_20pct,evidence_w2_d4,dynamic_stress_100d_20pct_hdd,42,100,5000,4,2,4096,77,315392,24576000,0.012833,77.922078,23,138,565248,0.023,0,76,0,5768
stress_20pct,evidence_w2_d6,dynamic_stress_100d_20pct_hdd,42,100,5000,4,2,4096,49,200704,24576000,0.008167,122.44898,14,84,344064,0.014,0,47,0,5825
stress_20pct,evidence_w3_d4,dynamic_stress_100d_20pct_hdd,42,100,5000,4,2,4096,80,327680,24576000,0.013333,75,23,138,565248,0.023,0,62,0,5792
stress_20pct,evidence_w3_d6,dynamic_stress_100d_20pct_hdd,42,100,5000,4,2,4096,48,196608,24576000,0.008,125,14,84,344064,0.014,0,36,0,5842
stress_20pct,topk_k2_d4,dynamic_stress_100d_20pct_hdd,42,100,5000,4,2,4096,25,102400,24576000,0.004167,240,9,54,221184,0.009,0,14,7,5888
stress_20pct,topk_k2_d6,dynamic_stress_100d_20pct_hdd,42,100,5000,4,2,4096,24,98304,24576000,0.004,250,8,48,196608,0.008,0,14,6,5888
stress_20pct,topk_k4_d4,dynamic_stress_100d_20pct_hdd,42,100,5000,4,2,4096,48,196608,24576000,0.008,125,17,102,417792,0.017,0,28,12,5850
stress_20pct,topk_k4_d6,dynamic_stress_100d_20pct_hdd,42,100,5000,4,2,4096,42,172032,24576000,0.007,142.857143,13,78,319488,0.013,0,28,6,5852
stress_20pct,hybrid_w2_k2_d4_c1,dynamic_stress_100d_20pct_hdd,42,100,5000,4,2,4096,24,98304,24576000,0.004,250,8,48,196608,0.008,0,10,10,5898
stress_20pct,hybrid_w2_k4_d4_c1,dynamic_stress_100d_20pct_hdd,42,100,5000,4,2,4096,43,176128,24576000,0.007167,139.534884,12,72,294912,0.012,0,20,15,5875
stress_20pct,t28_default,dynamic_stress_100d_20pct_hdd,43,100,5000,4,2,4096,21,86016,24576000,0.0035,285.714286,6,36,147456,0.006,0,21,0,5863
stress_20pct,migration_disabled,dynamic_stress_100d_20pct_hdd,43,100,5000,4,2,4096,0,0,24576000,0,inf,0,0,0,0,0,0,0,5900
stress_20pct,threshold_d2_a005,dynamic_stress_100d_20pct_hdd,43,100,5000,4,2,4096,124,507904,24576000,0.020667,48.387097,37,222,909312,0.037,0,124,0,5669
stress_20pct,threshold_d4_a005,dynamic_stress_100d_20pct_hdd,43,100,5000,4,2,4096,63,258048,24576000,0.0105,95.238095,19,114,466944,0.019,0,63,0,5777
stress_20pct,threshold_d6_a005,dynamic_stress_100d_20pct_hdd,43,100,5000,4,2,4096,43,176128,24576000,0.007167,139.534884,13,78,319488,0.013,0,43,0,5818
stress_20pct,threshold_d8_a005,dynamic_stress_100d_20pct_hdd,43,100,5000,4,2,4096,33,135168,24576000,0.0055,181.818182,10,60,245760,0.01,0,33,0,5836
stress_20pct,threshold_d2_a010,dynamic_stress_100d_20pct_hdd,43,100,5000,4,2,4096,143,585728,24576000,0.023833,41.958042,43,258,1056768,0.043,0,139,0,5614
stress_20pct,threshold_d4_a010,dynamic_stress_100d_20pct_hdd,43,100,5000,4,2,4096,77,315392,24576000,0.012833,77.922078,21,126,516096,0.021,0,76,0,5754
stress_20pct,threshold_d6_a010,dynamic_stress_100d_20pct_hdd,43,100,5000,4,2,4096,47,192512,24576000,0.007833,127.659574,14,84,344064,0.014,0,46,0,5807
stress_20pct,threshold_d8_a010,dynamic_stress_100d_20pct_hdd,43,100,5000,4,2,4096,34,139264,24576000,0.005667,176.470588,10,60,245760,0.01,0,34,0,5828
stress_20pct,evidence_w2_d4,dynamic_stress_100d_20pct_hdd,43,100,5000,4,2,4096,74,303104,24576000,0.012333,81.081081,21,126,516096,0.021,0,73,0,5754
stress_20pct,evidence_w2_d6,dynamic_stress_100d_20pct_hdd,43,100,5000,4,2,4096,48,196608,24576000,0.008,125,14,84,344064,0.014,0,46,0,5807
stress_20pct,evidence_w3_d4,dynamic_stress_100d_20pct_hdd,43,100,5000,4,2,4096,76,311296,24576000,0.012667,78.947368,21,126,516096,0.021,0,56,0,5777
stress_20pct,evidence_w3_d6,dynamic_stress_100d_20pct_hdd,43,100,5000,4,2,4096,49,200704,24576000,0.008167,122.44898,14,84,344064,0.014,0,38,0,5823
stress_20pct,topk_k2_d4,dynamic_stress_100d_20pct_hdd,43,100,5000,4,2,4096,25,102400,24576000,0.004167,240,9,54,221184,0.009,0,14,7,5868
stress_20pct,topk_k2_d6,dynamic_stress_100d_20pct_hdd,43,100,5000,4,2,4096,24,98304,24576000,0.004,250,9,54,221184,0.009,0,14,6,5868
stress_20pct,topk_k4_d4,dynamic_stress_100d_20pct_hdd,43,100,5000,4,2,4096,48,196608,24576000,0.008,125,16,96,393216,0.016,0,28,12,5836
stress_20pct,topk_k4_d6,dynamic_stress_100d_20pct_hdd,43,100,5000,4,2,4096,40,163840,24576000,0.006667,150,12,72,294912,0.012,0,28,4,5836
stress_20pct,hybrid_w2_k2_d4_c1,dynamic_stress_100d_20pct_hdd,43,100,5000,4,2,4096,22,90112,24576000,0.003667,272.727273,7,42,172032,0.007,0,10,8,5876
stress_20pct,hybrid_w2_k4_d4_c1,dynamic_stress_100d_20pct_hdd,43,100,5000,4,2,4096,43,176128,24576000,0.007167,139.534884,14,84,344064,0.014,0,20,15,5851
stress_20pct,t28_default,dynamic_stress_100d_20pct_hdd,44,100,5000,4,2,4096,20,81920,24576000,0.003333,300,6,36,147456,0.006,0,19,0,5828
stress_20pct,migration_disabled,dynamic_stress_100d_20pct_hdd,44,100,5000,4,2,4096,0,0,24576000,0,inf,0,0,0,0,0,0,0,5864
stress_20pct,threshold_d2_a005,dynamic_stress_100d_20pct_hdd,44,100,5000,4,2,4096,129,528384,24576000,0.0215,46.511628,40,240,983040,0.04,0,127,0,5614
stress_20pct,threshold_d4_a005,dynamic_stress_100d_20pct_hdd,44,100,5000,4,2,4096,67,274432,24576000,0.011167,89.552239,20,120,491520,0.02,0,66,0,5737
stress_20pct,threshold_d6_a005,dynamic_stress_100d_20pct_hdd,44,100,5000,4,2,4096,41,167936,24576000,0.006833,146.341463,12,72,294912,0.012,0,41,0,5783
stress_20pct,threshold_d8_a005,dynamic_stress_100d_20pct_hdd,44,100,5000,4,2,4096,32,131072,24576000,0.005333,187.5,10,60,245760,0.01,0,32,0,5797
stress_20pct,threshold_d2_a010,dynamic_stress_100d_20pct_hdd,44,100,5000,4,2,4096,146,598016,24576000,0.024333,41.09589,42,252,1032192,0.042,0,142,0,5576
stress_20pct,threshold_d4_a010,dynamic_stress_100d_20pct_hdd,44,100,5000,4,2,4096,82,335872,24576000,0.013667,73.170732,23,138,565248,0.023,0,81,0,5711
stress_20pct,threshold_d6_a010,dynamic_stress_100d_20pct_hdd,44,100,5000,4,2,4096,50,204800,24576000,0.008333,120,14,84,344064,0.014,0,49,0,5770
stress_20pct,threshold_d8_a010,dynamic_stress_100d_20pct_hdd,44,100,5000,4,2,4096,34,139264,24576000,0.005667,176.470588,10,60,245760,0.01,0,34,0,5793
stress_20pct,evidence_w2_d4,dynamic_stress_100d_20pct_hdd,44,100,5000,4,2,4096,79,323584,24576000,0.013167,75.949367,23,138,565248,0.023,0,79,0,5711
stress_20pct,evidence_w2_d6,dynamic_stress_100d_20pct_hdd,44,100,5000,4,2,4096,50,204800,24576000,0.008333,120,14,84,344064,0.014,0,49,0,5771
stress_20pct,evidence_w3_d4,dynamic_stress_100d_20pct_hdd,44,100,5000,4,2,4096,78,319488,24576000,0.013,76.923077,23,138,565248,0.023,0,60,0,5735
stress_20pct,evidence_w3_d6,dynamic_stress_100d_20pct_hdd,44,100,5000,4,2,4096,47,192512,24576000,0.007833,127.659574,14,84,344064,0.014,0,37,0,5785
stress_20pct,topk_k2_d4,dynamic_stress_100d_20pct_hdd,44,100,5000,4,2,4096,26,106496,24576000,0.004333,230.769231,9,54,221184,0.009,0,14,8,5828
stress_20pct,topk_k2_d6,dynamic_stress_100d_20pct_hdd,44,100,5000,4,2,4096,24,98304,24576000,0.004,250,9,54,221184,0.009,0,14,6,5828
stress_20pct,topk_k4_d4,dynamic_stress_100d_20pct_hdd,44,100,5000,4,2,4096,48,196608,24576000,0.008,125,16,96,393216,0.016,0,28,12,5794
stress_20pct,topk_k4_d6,dynamic_stress_100d_20pct_hdd,44,100,5000,4,2,4096,41,167936,24576000,0.006833,146.341463,14,84,344064,0.014,0,28,5,5797
stress_20pct,hybrid_w2_k2_d4_c1,dynamic_stress_100d_20pct_hdd,44,100,5000,4,2,4096,22,90112,24576000,0.003667,272.727273,7,42,172032,0.007,0,10,8,5836
stress_20pct,hybrid_w2_k4_d4_c1,dynamic_stress_100d_20pct_hdd,44,100,5000,4,2,4096,42,172032,24576000,0.007,142.857143,12,72,294912,0.012,0,20,14,5814
