scenario_id,strategy_id,strategy_kind,migration_recall_pct,default_migration_recall_pct,migration_recall_improvement_vs_default,migration_false_positives_total,migration_fp_rate_pct,migration_false_positives_max_seed,migrated_bytes_median,full_disk_bytes,post_warmup_p99_delta_vs_default,severe_window_p99_delta_vs_default,health_tdr_bw_ratio,pre_slowdown_migrations,passes_smoke_gate
realistic_2pct,threshold_d2_a005,threshold_alpha,3.548196,0.686499,5.168539,0,0,0,81920,2457600,0,0,0.045455,0,1
realistic_2pct,threshold_d4_a005,threshold_alpha,1.91749,0.686499,2.793144,0,0,0,45056,2457600,0,0,0.068182,0,0
realistic_2pct,threshold_d6_a005,threshold_alpha,1.384083,0.686499,2.016148,0,0,0,32768,2457600,0,0,0.068182,0,0
realistic_2pct,threshold_d8_a005,threshold_alpha,1.035078,0.686499,1.507763,0,0,0,24576,2457600,0,0,0.068182,0,0
realistic_2pct,threshold_d2_a010,threshold_alpha,3.871352,0.686499,5.639269,1,1.515152,1,90112,2457600,0,0,0.045455,0,1
realistic_2pct,threshold_d4_a010,threshold_alpha,2.09546,0.686499,3.052386,0,0,0,49152,2457600,0,0,0.068182,0,0
realistic_2pct,threshold_d6_a010,threshold_alpha,1.386482,0.686499,2.019642,0,0,0,32768,2457600,0,0,0.068182,0,0
realistic_2pct,threshold_d8_a010,threshold_alpha,1.035078,0.686499,1.507763,0,0,0,24576,2457600,0,0,0.068182,0,0
realistic_2pct,evidence_w2_d4,window_evidence,2.037253,0.686499,2.967598,0,0,0,49152,2457600,0,0,0.068182,0,0
realistic_2pct,evidence_w2_d6,window_evidence,1.386482,0.686499,2.019642,0,0,0,32768,2457600,0,0,0.068182,0,0
realistic_2pct,evidence_w3_d4,window_evidence,1.396973,0.686499,2.034924,0,0,0,49152,2457600,0,0,0.068182,0,0
realistic_2pct,evidence_w3_d6,window_evidence,1.038661,0.686499,1.512983,0,0,0,32768,2457600,0,0,0.068182,0,0
realistic_2pct,topk_k2_d4,topk_budgeted,1.803374,0.686499,2.626915,0,0,0,49152,2457600,0,0,0.068182,0,0
realistic_2pct,topk_k2_d6,topk_budgeted,1.270942,0.686499,1.851338,0,0,0,32768,2457600,0,0,0.068182,0,0
realistic_2pct,topk_k4_d4,topk_budgeted,2.09546,0.686499,3.052386,0,0,0,49152,2457600,0,0,0.068182,0,0
realistic_2pct,topk_k4_d6,topk_budgeted,1.270942,0.686499,1.851338,0,0,0,32768,2457600,0,0,0.068182,0,0
realistic_2pct,hybrid_w2_k2_d4_c1,hybrid,1.392111,0.686499,2.027842,0,0,0,49152,2457600,0,0,0.068182,0,0
realistic_2pct,hybrid_w2_k4_d4_c1,hybrid,1.454334,0.686499,2.11848,0,0,0,49152,2457600,0,0,0.068182,0,0
overlap_4pct,threshold_d2_a005,threshold_alpha,3.360403,0.467418,7.189286,0,0,0,172032,4915200,-2.1,-4,0.066667,0,1
overlap_4pct,threshold_d4_a005,threshold_alpha,1.74612,0.467418,3.735669,0,0,0,86016,4915200,-1.2,-3.1,0.088889,0,0
overlap_4pct,threshold_d6_a005,threshold_alpha,1.158301,0.467418,2.478083,0,0,0,57344,4915200,-0.5,-2.2,0.088889,0,0
overlap_4pct,threshold_d8_a005,threshold_alpha,0.991462,0.467418,2.121146,0,0,0,49152,4915200,-0.3,-1.7,0.088889,0,0
overlap_4pct,threshold_d2_a010,threshold_alpha,3.435652,0.467418,7.350274,0,0,0,180224,4915200,-2.2,-4.2,0.066667,0,1
overlap_4pct,threshold_d4_a010,threshold_alpha,1.749514,0.467418,3.742931,0,0,0,90112,4915200,-1.2,-3.2,0.088889,0,0
overlap_4pct,threshold_d6_a010,threshold_alpha,1.106807,0.467418,2.367916,0,0,0,57344,4915200,-0.8,-2.2,0.088889,0,0
overlap_4pct,threshold_d8_a010,threshold_alpha,0.965517,0.467418,2.065639,0,0,0,49152,4915200,-0.5,-1.7,0.088889,0,0
overlap_4pct,evidence_w2_d4,window_evidence,1.748543,0.467418,3.740853,0,0,0,90112,4915200,-1.2,-3.2,0.088889,0,0
overlap_4pct,evidence_w2_d6,window_evidence,1.106195,0.467418,2.366606,0,0,0,57344,4915200,-0.5,-2.2,0.088889,0,0
overlap_4pct,evidence_w3_d4,window_evidence,1.692564,0.467418,3.621091,1,1.612903,1,90112,4915200,-1.2,-3.2,0.111111,0,0
overlap_4pct,evidence_w3_d6,window_evidence,1.07854,0.467418,2.307441,0,0,0,57344,4915200,-0.6,-2.2,0.111111,0,0
overlap_4pct,topk_k2_d4,topk_budgeted,1.636162,0.467418,3.500424,1,1.666667,1,90112,4915200,-0.9,-2.2,0.088889,0,0
overlap_4pct,topk_k2_d6,topk_budgeted,1.105583,0.467418,2.365298,0,0,0,57344,4915200,-0.5,-2,0.088889,0,0
overlap_4pct,topk_k4_d4,topk_budgeted,1.748543,0.467418,3.740853,1,1.5625,1,90112,4915200,-1.2,-3,0.088889,0,0
overlap_4pct,topk_k4_d6,topk_budgeted,1.106195,0.467418,2.366606,0,0,0,57344,4915200,-0.9,-2.2,0.088889,0,0
overlap_4pct,hybrid_w2_k2_d4_c1,hybrid,1.329272,0.467418,2.843859,3,5.882353,1,90112,4915200,-0.6,-2.4,0.111111,0,0
overlap_4pct,hybrid_w2_k4_d4_c1,hybrid,1.746604,0.467418,3.736705,0,0,0,90112,4915200,-1.2,-3.1,0.111111,0,0
stress_20pct,threshold_d2_a005,threshold_alpha,2.139562,0.345805,6.187192,0,0,0,507904,24576000,-0.9,-2.5,0.12963,0,1
stress_20pct,threshold_d4_a005,threshold_alpha,1.119872,0.345805,3.23845,0,0,0,274432,24576000,-0.4,-1.2,0.166667,0,0
stress_20pct,threshold_d6_a005,threshold_alpha,0.722988,0.345805,2.090738,0,0,0,176128,24576000,-0.3,-0.8,0.166667,0,0
stress_20pct,threshold_d8_a005,threshold_alpha,0.551575,0.345805,1.595047,0,0,0,131072,24576000,-0.1,-0.4,0.185185,0,0
stress_20pct,threshold_d2_a010,threshold_alpha,2.436054,0.345805,7.044588,0,0,0,585728,24576000,-1,-2.9,0.12963,0,1
stress_20pct,threshold_d4_a010,threshold_alpha,1.33402,0.345805,3.857725,0,0,0,315392,24576000,-0.5,-1.5,0.148148,0,0
stress_20pct,threshold_d6_a010,threshold_alpha,0.815186,0.345805,2.357359,0,0,0,200704,24576000,-0.3,-1,0.166667,0,0
stress_20pct,threshold_d8_a010,threshold_alpha,0.591716,0.345805,1.711126,0,0,0,139264,24576000,-0.2,-0.7,0.166667,0,0
stress_20pct,evidence_w2_d4,window_evidence,1.305767,0.345805,3.776022,0,0,0,315392,24576000,-0.5,-1.5,0.166667,0,0
stress_20pct,evidence_w2_d6,window_evidence,0.809347,0.345805,2.340473,0,0,0,200704,24576000,-0.3,-1,0.185185,0,0
stress_20pct,evidence_w3_d4,window_evidence,1.01819,0.345805,2.944406,0,0,0,319488,24576000,-0.5,-1.5,0.166667,0,0
stress_20pct,evidence_w3_d6,window_evidence,0.632082,0.345805,1.827858,0,0,0,196608,24576000,-0.3,-1,0.185185,0,0
stress_20pct,topk_k2_d4,topk_budgeted,0.238284,0.345805,0.689071,22,34.375,8,102400,24576000,0,0.3,0.222222,0,0
stress_20pct,topk_k2_d6,topk_budgeted,0.238284,0.345805,0.689071,18,30,6,98304,24576000,0,0.3,0.222222,0,0
stress_20pct,topk_k4_d4,topk_budgeted,0.478251,0.345805,1.383008,36,30,12,196608,24576000,-0.3,-0.3,0.185185,0,0
stress_20pct,topk_k4_d6,topk_budgeted,0.478115,0.345805,1.382614,15,15.151515,6,167936,24576000,-0.3,-0.4,0.185185,0,0
stress_20pct,hybrid_w2_k2_d4_c1,hybrid,0.170068,0.345805,0.491803,26,46.428571,10,90112,24576000,0,0.9,0.222222,0,0
stress_20pct,hybrid_w2_k4_d4_c1,hybrid,0.340909,0.345805,0.985842,44,42.307692,15,176128,24576000,-0.3,0,0.203704,0,0
