scenario,num_disks,seed,num_reads,num_stripes,zipf_s,num_windows,window_size,policy,timeout_ms,p50_ms,p95_ms,p99_ms,p99_improvement_pct,post_onset_p95_auc_ms,post_onset_p99_auc_ms,issued_shard_reads,bandwidth_overhead_pct,parity_reads,pre_slowdown_parity_reads,recovery_parity_reads,proactive_or_degraded_reads,decode_count,migration_triggers,migration_true_positives,migration_false_positives,migration_false_negatives,first_detection_latency_reads,first_mitigation_latency_reads,recovery_regret_reads,post_warmup_windowed_p99_ms,severe_window_p99_ms,read_bypass_eligible_events,read_bypass_triggered_events,read_bypass_coverage_pct
dynamic_overlap_100d_4pct_hdd,100,42,1000000,5000,1.0,20,50000,vanilla_ec,15.0,12.6,17.6,55.3,0.0,18.6,562.3,4000000,0.0,0,0,0,0,0,0,-1,-1,-1,-1,-1,0,63.5,64.7,-1,-1,-1.0
dynamic_overlap_100d_4pct_hdd,100,42,1000000,5000,1.0,20,50000,late_binding,15.0,10.8,14.4,23.5,57.5,10.2,213.2,5000000,25.0,1000000,150000,10158,1000000,798339,0,-1,-1,-1,-1,12,17374,26.7,27.4,-1,-1,-1.0
dynamic_overlap_100d_4pct_hdd,100,42,1000000,5000,1.0,20,50000,timeout_degraded_read,15.0,12.6,17.5,27.4,50.4,17.8,217.9,4180871,4.5,180871,24130,8685,180871,22910,0,-1,-1,-1,12,94,10549,28.6,28.7,-1,-1,-1.0
dynamic_overlap_100d_4pct_hdd,100,42,1000000,5000,1.0,20,50000,health_ec,15.0,12.5,17.1,21.1,61.8,7.7,135.2,4018454,0.5,18454,0,6728,18454,17298,6,6,0,1189,770,770,8281,22.3,25.8,17344,15426,88.9
dynamic_overlap_100d_4pct_hdd,100,43,1000000,5000,1.0,20,50000,vanilla_ec,15.0,12.6,17.6,55.5,0.0,18.0,560.2,4000000,0.0,0,0,0,0,0,0,-1,-1,-1,-1,-1,0,63.5,64.5,-1,-1,-1.0
dynamic_overlap_100d_4pct_hdd,100,43,1000000,5000,1.0,20,50000,late_binding,15.0,10.8,14.4,23.8,57.2,10.2,213.0,5000000,25.0,1000000,150000,10134,1000000,798423,0,-1,-1,-1,-1,128,17301,26.4,27.0,-1,-1,-1.0
dynamic_overlap_100d_4pct_hdd,100,43,1000000,5000,1.0,20,50000,timeout_degraded_read,15.0,12.6,17.5,27.5,50.4,17.1,217.6,4181506,4.5,181506,24335,8784,181506,22985,0,-1,-1,-1,128,128,10646,28.2,28.9,-1,-1,-1.0
dynamic_overlap_100d_4pct_hdd,100,43,1000000,5000,1.0,20,50000,health_ec,15.0,12.5,17.1,21.4,61.5,7.2,138.3,4018444,0.5,18444,0,6868,18444,17266,6,6,0,1220,770,770,8561,22.9,25.5,17455,15322,87.8
dynamic_overlap_100d_4pct_hdd,100,44,1000000,5000,1.0,20,50000,vanilla_ec,15.0,12.6,17.6,55.0,0.0,18.4,559.5,4000000,0.0,0,0,0,0,0,0,-1,-1,-1,-1,-1,0,63.2,65.2,-1,-1,-1.0
dynamic_overlap_100d_4pct_hdd,100,44,1000000,5000,1.0,20,50000,late_binding,15.0,10.8,14.4,23.8,56.8,9.9,212.6,5000000,25.0,1000000,150000,10211,1000000,798472,0,-1,-1,-1,-1,56,17397,26.6,27.6,-1,-1,-1.0
dynamic_overlap_100d_4pct_hdd,100,44,1000000,5000,1.0,20,50000,timeout_degraded_read,15.0,12.6,17.5,27.5,50.0,17.6,216.9,4181302,4.5,181302,24274,8689,181302,22910,0,-1,-1,-1,56,155,10528,28.3,29.1,-1,-1,-1.0
dynamic_overlap_100d_4pct_hdd,100,44,1000000,5000,1.0,20,50000,health_ec,15.0,12.5,17.2,21.3,61.3,7.5,137.7,4018540,0.5,18540,0,6874,18540,17369,6,5,0,1211,971,971,8514,23.0,24.8,17456,15425,88.4
dynamic_overlap_100d_4pct_hdd,100,45,1000000,5000,1.0,20,50000,vanilla_ec,15.0,12.6,17.6,55.0,0.0,18.1,556.9,4000000,0.0,0,0,0,0,0,0,-1,-1,-1,-1,-1,0,63.2,64.3,-1,-1,-1.0
dynamic_overlap_100d_4pct_hdd,100,45,1000000,5000,1.0,20,50000,late_binding,15.0,10.8,14.4,23.6,57.1,10.4,210.0,5000000,25.0,1000000,150000,10112,1000000,798418,0,-1,-1,-1,-1,19,17326,26.6,27.0,-1,-1,-1.0
dynamic_overlap_100d_4pct_hdd,100,45,1000000,5000,1.0,20,50000,timeout_degraded_read,15.0,12.6,17.5,27.4,50.1,17.3,214.8,4180932,4.5,180932,24045,8706,180932,23105,0,-1,-1,-1,19,19,10621,28.1,28.5,-1,-1,-1.0
dynamic_overlap_100d_4pct_hdd,100,45,1000000,5000,1.0,20,50000,health_ec,15.0,12.5,17.1,21.3,61.3,7.2,134.8,4018543,0.5,18543,0,6752,18543,17402,6,6,0,1224,460,481,8444,22.6,24.4,17413,15432,88.6
dynamic_overlap_100d_4pct_hdd,100,46,1000000,5000,1.0,20,50000,vanilla_ec,15.0,12.6,17.6,54.6,0.0,18.0,556.1,4000000,0.0,0,0,0,0,0,0,-1,-1,-1,-1,-1,0,63.4,64.6,-1,-1,-1.0
dynamic_overlap_100d_4pct_hdd,100,46,1000000,5000,1.0,20,50000,late_binding,15.0,10.8,14.4,23.6,56.8,10.0,211.6,5000000,25.0,1000000,150000,10141,1000000,798239,0,-1,-1,-1,-1,10,17464,27.0,27.2,-1,-1,-1.0
dynamic_overlap_100d_4pct_hdd,100,46,1000000,5000,1.0,20,50000,timeout_degraded_read,15.0,12.6,17.5,27.5,49.7,17.3,216.1,4181479,4.5,181479,24428,8662,181479,22936,0,-1,-1,-1,10,10,10617,28.5,28.9,-1,-1,-1.0
dynamic_overlap_100d_4pct_hdd,100,46,1000000,5000,1.0,20,50000,health_ec,15.0,12.5,17.1,21.1,61.3,7.2,134.3,4018542,0.5,18542,0,6753,18542,17376,6,6,0,1204,910,910,8415,22.7,25.1,17385,15444,88.8
dynamic_overlap_100d_4pct_hdd,100,47,1000000,5000,1.0,20,50000,vanilla_ec,15.0,12.6,17.6,55.0,0.0,19.0,559.1,4000000,0.0,0,0,0,0,0,0,-1,-1,-1,-1,-1,0,63.3,63.9,-1,-1,-1.0
dynamic_overlap_100d_4pct_hdd,100,47,1000000,5000,1.0,20,50000,late_binding,15.0,10.8,14.4,23.6,57.1,10.0,214.8,5000000,25.0,1000000,150000,10305,1000000,798327,0,-1,-1,-1,-1,9,17438,26.4,27.1,-1,-1,-1.0
dynamic_overlap_100d_4pct_hdd,100,47,1000000,5000,1.0,20,50000,timeout_degraded_read,15.0,12.6,17.5,27.5,49.9,18.0,220.1,4180870,4.5,180870,24012,8865,180870,23149,0,-1,-1,-1,9,9,10736,28.0,28.8,-1,-1,-1.0
dynamic_overlap_100d_4pct_hdd,100,47,1000000,5000,1.0,20,50000,health_ec,15.0,12.5,17.2,21.2,61.4,7.8,136.7,4018579,0.5,18579,0,6995,18579,17349,6,6,0,1222,81,81,8614,22.4,24.6,17442,15378,88.2
dynamic_overlap_100d_4pct_hdd,100,48,1000000,5000,1.0,20,50000,vanilla_ec,15.0,12.6,17.6,55.2,0.0,18.0,559.5,4000000,0.0,0,0,0,0,0,0,-1,-1,-1,-1,-1,0,63.7,64.3,-1,-1,-1.0
dynamic_overlap_100d_4pct_hdd,100,48,1000000,5000,1.0,20,50000,late_binding,15.0,10.8,14.4,23.5,57.3,10.1,211.5,5000000,25.0,1000000,150000,10073,1000000,798532,0,-1,-1,-1,-1,19,17219,26.6,27.0,-1,-1,-1.0
dynamic_overlap_100d_4pct_hdd,100,48,1000000,5000,1.0,20,50000,timeout_degraded_read,15.0,12.6,17.5,27.4,50.3,17.1,215.6,4181253,4.5,181253,24350,8583,181253,22880,0,-1,-1,-1,199,199,10462,28.3,28.4,-1,-1,-1.0
dynamic_overlap_100d_4pct_hdd,100,48,1000000,5000,1.0,20,50000,health_ec,15.0,12.5,17.1,21.2,61.5,7.1,136.2,4018050,0.5,18050,0,6643,18050,16928,6,6,0,1193,499,499,8249,22.6,25.4,17109,15092,88.2
dynamic_overlap_100d_4pct_hdd,100,49,1000000,5000,1.0,20,50000,vanilla_ec,15.0,12.6,17.6,55.4,0.0,18.5,563.1,4000000,0.0,0,0,0,0,0,0,-1,-1,-1,-1,-1,0,63.4,64.7,-1,-1,-1.0
dynamic_overlap_100d_4pct_hdd,100,49,1000000,5000,1.0,20,50000,late_binding,15.0,10.8,14.4,23.6,57.5,10.2,213.2,5000000,25.0,1000000,150000,10150,1000000,798304,0,-1,-1,-1,-1,13,17469,26.5,27.2,-1,-1,-1.0
dynamic_overlap_100d_4pct_hdd,100,49,1000000,5000,1.0,20,50000,timeout_degraded_read,15.0,12.6,17.5,27.4,50.5,17.6,219.0,4180965,4.5,180965,24215,8713,180965,23254,0,-1,-1,-1,13,32,10633,28.3,28.6,-1,-1,-1.0
dynamic_overlap_100d_4pct_hdd,100,49,1000000,5000,1.0,20,50000,health_ec,15.0,12.5,17.2,21.3,61.5,7.7,139.6,4018550,0.5,18550,0,6769,18550,17395,6,6,0,1210,1957,1957,8417,22.9,24.7,17643,15470,87.7
dynamic_overlap_100d_4pct_hdd,100,50,1000000,5000,1.0,20,50000,vanilla_ec,15.0,12.6,17.6,54.6,0.0,17.2,557.9,4000000,0.0,0,0,0,0,0,0,-1,-1,-1,-1,-1,0,63.5,64.3,-1,-1,-1.0
dynamic_overlap_100d_4pct_hdd,100,50,1000000,5000,1.0,20,50000,late_binding,15.0,10.8,14.4,23.1,57.8,9.9,209.9,5000000,25.0,1000000,150000,10098,1000000,798975,0,-1,-1,-1,-1,2,17337,26.4,26.6,-1,-1,-1.0
dynamic_overlap_100d_4pct_hdd,100,50,1000000,5000,1.0,20,50000,timeout_degraded_read,15.0,12.6,17.5,27.3,50.1,16.4,216.1,4181314,4.5,181314,24316,8656,181314,22645,0,-1,-1,-1,2,51,10537,28.2,28.5,-1,-1,-1.0
dynamic_overlap_100d_4pct_hdd,100,50,1000000,5000,1.0,20,50000,health_ec,15.0,12.5,17.1,21.1,61.4,6.9,132.3,4017993,0.4,17993,0,6782,17993,16829,6,6,0,1214,742,749,8391,22.2,25.1,17124,14919,87.1
dynamic_overlap_100d_4pct_hdd,100,51,1000000,5000,1.0,20,50000,vanilla_ec,15.0,12.6,17.6,55.0,0.0,18.3,558.8,4000000,0.0,0,0,0,0,0,0,-1,-1,-1,-1,-1,0,63.4,64.5,-1,-1,-1.0
dynamic_overlap_100d_4pct_hdd,100,51,1000000,5000,1.0,20,50000,late_binding,15.0,10.8,14.4,23.5,57.2,10.1,211.6,5000000,25.0,1000000,150000,10107,1000000,798861,0,-1,-1,-1,-1,6,17401,26.6,27.0,-1,-1,-1.0
dynamic_overlap_100d_4pct_hdd,100,51,1000000,5000,1.0,20,50000,timeout_degraded_read,15.0,12.6,17.5,27.4,50.1,17.3,217.6,4181641,4.5,181641,24297,8634,181641,22998,0,-1,-1,-1,6,6,10483,28.2,28.7,-1,-1,-1.0
dynamic_overlap_100d_4pct_hdd,100,51,1000000,5000,1.0,20,50000,health_ec,15.0,12.5,17.2,21.3,61.2,7.4,136.7,4018460,0.5,18460,0,6819,18460,17329,6,6,0,1205,374,374,8457,22.3,25.1,17519,15427,88.1
dynamic_overlap_100d_4pct_hdd,100,52,1000000,5000,1.0,20,50000,vanilla_ec,15.0,12.6,17.6,54.6,0.0,17.8,556.9,4000000,0.0,0,0,0,0,0,0,-1,-1,-1,-1,-1,0,62.4,63.8,-1,-1,-1.0
dynamic_overlap_100d_4pct_hdd,100,52,1000000,5000,1.0,20,50000,late_binding,15.0,10.8,14.4,23.2,57.5,9.9,211.7,5000000,25.0,1000000,150000,10015,1000000,798796,0,-1,-1,-1,-1,21,17359,26.6,27.0,-1,-1,-1.0
dynamic_overlap_100d_4pct_hdd,100,52,1000000,5000,1.0,20,50000,timeout_degraded_read,15.0,12.6,17.5,27.4,49.9,17.0,216.6,4181181,4.5,181181,24278,8623,181181,22621,0,-1,-1,-1,21,21,10519,28.3,28.8,-1,-1,-1.0
dynamic_overlap_100d_4pct_hdd,100,52,1000000,5000,1.0,20,50000,health_ec,15.0,12.5,17.2,21.2,61.2,7.4,138.5,4018312,0.5,18312,0,6763,18312,17126,6,6,0,1199,759,759,8392,22.8,25.0,17295,15231,88.1
dynamic_overlap_100d_4pct_hdd,100,53,1000000,5000,1.0,20,50000,vanilla_ec,15.0,12.6,17.6,54.7,0.0,17.8,557.1,4000000,0.0,0,0,0,0,0,0,-1,-1,-1,-1,-1,0,62.9,63.8,-1,-1,-1.0
dynamic_overlap_100d_4pct_hdd,100,53,1000000,5000,1.0,20,50000,late_binding,15.0,10.8,14.4,23.4,57.2,9.6,211.0,5000000,25.0,1000000,150000,9965,1000000,798466,0,-1,-1,-1,-1,1,17219,26.1,26.7,-1,-1,-1.0
dynamic_overlap_100d_4pct_hdd,100,53,1000000,5000,1.0,20,50000,timeout_degraded_read,15.0,12.6,17.5,27.4,50.0,17.0,215.2,4181299,4.5,181299,24278,8484,181299,22675,0,-1,-1,-1,1,164,10316,28.1,28.6,-1,-1,-1.0
dynamic_overlap_100d_4pct_hdd,100,53,1000000,5000,1.0,20,50000,health_ec,15.0,12.5,17.1,21.3,61.1,7.3,135.8,4018229,0.5,18229,0,6695,18229,17077,6,6,0,1193,510,510,8368,22.8,25.0,17199,15125,87.9
dynamic_overlap_100d_4pct_hdd,100,54,1000000,5000,1.0,20,50000,vanilla_ec,15.0,12.6,17.6,55.0,0.0,17.9,559.7,4000000,0.0,0,0,0,0,0,0,-1,-1,-1,-1,-1,0,63.5,64.1,-1,-1,-1.0
dynamic_overlap_100d_4pct_hdd,100,54,1000000,5000,1.0,20,50000,late_binding,15.0,10.8,14.4,23.6,57.1,10.3,214.5,5000000,25.0,1000000,150000,10245,1000000,797995,0,-1,-1,-1,-1,31,17496,26.8,27.5,-1,-1,-1.0
dynamic_overlap_100d_4pct_hdd,100,54,1000000,5000,1.0,20,50000,timeout_degraded_read,15.0,12.6,17.5,27.5,50.0,17.1,218.4,4181072,4.5,181072,24333,8791,181072,22978,0,-1,-1,-1,31,56,10666,28.4,28.9,-1,-1,-1.0
dynamic_overlap_100d_4pct_hdd,100,54,1000000,5000,1.0,20,50000,health_ec,15.0,12.5,17.1,21.3,61.3,7.3,135.6,4018424,0.5,18424,0,6915,18424,17222,6,6,0,1210,1294,1294,8544,22.4,25.0,17434,15365,88.1
dynamic_overlap_100d_4pct_hdd,100,55,1000000,5000,1.0,20,50000,vanilla_ec,15.0,12.6,17.6,54.6,0.0,17.8,555.0,4000000,0.0,0,0,0,0,0,0,-1,-1,-1,-1,-1,0,63.0,63.9,-1,-1,-1.0
dynamic_overlap_100d_4pct_hdd,100,55,1000000,5000,1.0,20,50000,late_binding,15.0,10.8,14.4,23.5,57.0,10.1,211.6,5000000,25.0,1000000,150000,10119,1000000,798791,0,-1,-1,-1,-1,4,17293,26.2,27.0,-1,-1,-1.0
dynamic_overlap_100d_4pct_hdd,100,55,1000000,5000,1.0,20,50000,timeout_degraded_read,15.0,12.6,17.5,27.4,49.8,17.2,217.1,4181579,4.5,181579,24352,8605,181579,22786,0,-1,-1,-1,4,4,10507,28.0,29.1,-1,-1,-1.0
dynamic_overlap_100d_4pct_hdd,100,55,1000000,5000,1.0,20,50000,health_ec,15.0,12.5,17.2,21.3,61.1,7.4,135.9,4018393,0.5,18393,0,6786,18393,17216,6,6,0,1208,815,815,8420,22.5,25.0,17300,15339,88.7
dynamic_overlap_100d_4pct_hdd,100,56,1000000,5000,1.0,20,50000,vanilla_ec,15.0,12.6,17.6,54.5,0.0,18.0,555.4,4000000,0.0,0,0,0,0,0,0,-1,-1,-1,-1,-1,0,62.8,63.9,-1,-1,-1.0
dynamic_overlap_100d_4pct_hdd,100,56,1000000,5000,1.0,20,50000,late_binding,15.0,10.8,14.4,23.3,57.2,9.5,212.0,5000000,25.0,1000000,150000,10174,1000000,797713,0,-1,-1,-1,-1,26,17538,26.3,27.2,-1,-1,-1.0
dynamic_overlap_100d_4pct_hdd,100,56,1000000,5000,1.0,20,50000,timeout_degraded_read,15.0,12.6,17.5,27.3,49.8,17.3,216.0,4180981,4.5,180981,24156,8702,180981,22816,0,-1,-1,-1,26,26,10654,27.9,28.7,-1,-1,-1.0
dynamic_overlap_100d_4pct_hdd,100,56,1000000,5000,1.0,20,50000,health_ec,15.0,12.5,17.1,21.2,61.0,7.5,135.4,4018467,0.5,18467,0,6814,18467,17278,6,6,0,1220,650,650,8507,23.1,24.6,17336,15316,88.3
dynamic_overlap_100d_4pct_hdd,100,57,1000000,5000,1.0,20,50000,vanilla_ec,15.0,12.6,17.6,55.4,0.0,18.3,561.5,4000000,0.0,0,0,0,0,0,0,-1,-1,-1,-1,-1,0,63.6,64.2,-1,-1,-1.0
dynamic_overlap_100d_4pct_hdd,100,57,1000000,5000,1.0,20,50000,late_binding,15.0,10.8,14.4,23.7,57.3,9.7,212.6,5000000,25.0,1000000,150000,10238,1000000,798647,0,-1,-1,-1,-1,5,17508,26.4,27.5,-1,-1,-1.0
dynamic_overlap_100d_4pct_hdd,100,57,1000000,5000,1.0,20,50000,timeout_degraded_read,15.0,12.6,17.5,27.5,50.4,17.4,216.2,4181521,4.5,181521,24491,8827,181521,22944,0,-1,-1,-1,5,5,10650,27.9,28.9,-1,-1,-1.0
dynamic_overlap_100d_4pct_hdd,100,57,1000000,5000,1.0,20,50000,health_ec,15.0,12.5,17.1,21.3,61.5,7.3,136.1,4018421,0.5,18421,0,6946,18421,17315,6,6,0,1227,266,266,8528,23.1,24.9,17396,15321,88.1
dynamic_overlap_100d_4pct_hdd,100,58,1000000,5000,1.0,20,50000,vanilla_ec,15.0,12.6,17.6,54.3,0.0,17.6,551.3,4000000,0.0,0,0,0,0,0,0,-1,-1,-1,-1,-1,0,62.1,63.7,-1,-1,-1.0
dynamic_overlap_100d_4pct_hdd,100,58,1000000,5000,1.0,20,50000,late_binding,15.0,10.8,14.4,23.3,57.0,9.5,209.5,5000000,25.0,1000000,150000,9997,1000000,798606,0,-1,-1,-1,-1,73,17272,26.1,26.9,-1,-1,-1.0
dynamic_overlap_100d_4pct_hdd,100,58,1000000,5000,1.0,20,50000,timeout_degraded_read,15.0,12.6,17.5,27.2,49.9,16.9,214.3,4180634,4.5,180634,24507,8539,180634,22588,0,-1,-1,-1,73,73,10405,28.2,28.5,-1,-1,-1.0
dynamic_overlap_100d_4pct_hdd,100,58,1000000,5000,1.0,20,50000,health_ec,15.0,12.5,17.1,21.2,61.0,7.2,134.3,4018163,0.5,18163,0,6736,18163,17027,6,6,0,1228,1494,1494,8285,22.8,24.7,17148,15155,88.4
dynamic_overlap_100d_4pct_hdd,100,59,1000000,5000,1.0,20,50000,vanilla_ec,15.0,12.6,17.6,54.3,0.0,17.1,552.8,4000000,0.0,0,0,0,0,0,0,-1,-1,-1,-1,-1,0,63.1,63.9,-1,-1,-1.0
dynamic_overlap_100d_4pct_hdd,100,59,1000000,5000,1.0,20,50000,late_binding,15.0,10.8,14.4,23.2,57.4,9.7,210.4,5000000,25.0,1000000,150000,9977,1000000,798226,0,-1,-1,-1,-1,14,17177,26.5,26.6,-1,-1,-1.0
dynamic_overlap_100d_4pct_hdd,100,59,1000000,5000,1.0,20,50000,timeout_degraded_read,15.0,12.6,17.5,27.2,49.9,16.1,214.7,4181672,4.5,181672,24873,8528,181672,22503,0,-1,-1,-1,14,56,10359,28.1,28.5,-1,-1,-1.0
dynamic_overlap_100d_4pct_hdd,100,59,1000000,5000,1.0,20,50000,health_ec,15.0,12.5,17.1,21.2,61.0,6.8,134.5,4018135,0.5,18135,0,6797,18135,16933,6,6,0,1211,356,356,8402,23.1,24.6,17047,15001,88.0
dynamic_overlap_100d_4pct_hdd,100,60,1000000,5000,1.0,20,50000,vanilla_ec,15.0,12.6,17.6,54.6,0.0,17.9,557.2,4000000,0.0,0,0,0,0,0,0,-1,-1,-1,-1,-1,0,63.2,63.6,-1,-1,-1.0
dynamic_overlap_100d_4pct_hdd,100,60,1000000,5000,1.0,20,50000,late_binding,15.0,10.8,14.4,23.4,57.1,9.8,212.5,5000000,25.0,1000000,150000,9980,1000000,798572,0,-1,-1,-1,-1,38,16968,26.5,27.1,-1,-1,-1.0
dynamic_overlap_100d_4pct_hdd,100,60,1000000,5000,1.0,20,50000,timeout_degraded_read,15.0,12.6,17.5,27.3,49.9,17.0,216.6,4181243,4.5,181243,24376,8561,181243,22745,0,-1,-1,-1,38,38,10422,28.4,28.6,-1,-1,-1.0
dynamic_overlap_100d_4pct_hdd,100,60,1000000,5000,1.0,20,50000,health_ec,15.0,12.5,17.1,21.3,61.0,7.2,135.8,4018173,0.5,18173,0,6692,18173,17040,6,6,0,1207,1427,1427,8312,22.8,25.1,17198,15156,88.1
dynamic_overlap_100d_4pct_hdd,100,61,1000000,5000,1.0,20,50000,vanilla_ec,15.0,12.6,17.6,55.2,0.0,17.9,560.3,4000000,0.0,0,0,0,0,0,0,-1,-1,-1,-1,-1,0,63.6,64.0,-1,-1,-1.0
dynamic_overlap_100d_4pct_hdd,100,61,1000000,5000,1.0,20,50000,late_binding,15.0,10.8,14.4,23.6,57.2,10.4,214.6,5000000,25.0,1000000,150000,10274,1000000,798433,0,-1,-1,-1,-1,223,17626,26.6,27.2,-1,-1,-1.0
dynamic_overlap_100d_4pct_hdd,100,61,1000000,5000,1.0,20,50000,timeout_degraded_read,15.0,12.6,17.5,27.6,50.1,17.1,219.3,4180675,4.5,180675,24063,8764,180675,22995,0,-1,-1,-1,223,223,10655,28.4,28.9,-1,-1,-1.0
dynamic_overlap_100d_4pct_hdd,100,61,1000000,5000,1.0,20,50000,health_ec,15.0,12.5,17.1,21.3,61.5,7.1,137.2,4018045,0.5,18045,0,6831,18045,16846,6,6,0,1202,1802,1802,8465,22.4,25.3,16987,14952,88.0
dynamic_overlap_100d_4pct_hdd,100,62,1000000,5000,1.0,20,50000,vanilla_ec,15.0,12.6,17.6,54.6,0.0,18.2,556.3,4000000,0.0,0,0,0,0,0,0,-1,-1,-1,-1,-1,0,62.9,63.4,-1,-1,-1.0
dynamic_overlap_100d_4pct_hdd,100,62,1000000,5000,1.0,20,50000,late_binding,15.0,10.8,14.4,23.5,57.0,9.7,212.8,5000000,25.0,1000000,150000,10243,1000000,798480,0,-1,-1,-1,-1,18,17607,26.6,27.0,-1,-1,-1.0
dynamic_overlap_100d_4pct_hdd,100,62,1000000,5000,1.0,20,50000,timeout_degraded_read,15.0,12.6,17.5,27.4,49.8,17.2,218.1,4181216,4.5,181216,24069,8743,181216,22839,0,-1,-1,-1,18,113,10686,28.3,28.8,-1,-1,-1.0
dynamic_overlap_100d_4pct_hdd,100,62,1000000,5000,1.0,20,50000,health_ec,15.0,12.5,17.1,21.2,61.1,7.2,136.6,4018569,0.5,18569,0,6897,18569,17430,6,6,0,1214,403,535,8544,22.6,25.3,17466,15493,88.7
dynamic_overlap_100d_4pct_hdd,100,63,1000000,5000,1.0,20,50000,vanilla_ec,15.0,12.6,17.6,55.4,0.0,17.9,563.3,4000000,0.0,0,0,0,0,0,0,-1,-1,-1,-1,-1,0,64.0,65.1,-1,-1,-1.0
dynamic_overlap_100d_4pct_hdd,100,63,1000000,5000,1.0,20,50000,late_binding,15.0,10.8,14.4,23.4,57.8,10.1,211.5,5000000,25.0,1000000,150000,10066,1000000,799079,0,-1,-1,-1,-1,2,17478,26.5,27.2,-1,-1,-1.0
dynamic_overlap_100d_4pct_hdd,100,63,1000000,5000,1.0,20,50000,timeout_degraded_read,15.0,12.6,17.5,27.4,50.5,17.1,214.7,4181268,4.5,181268,24322,8634,181268,22996,0,-1,-1,-1,2,14,10507,28.5,28.9,-1,-1,-1.0
dynamic_overlap_100d_4pct_hdd,100,63,1000000,5000,1.0,20,50000,health_ec,15.0,12.5,17.2,21.4,61.4,7.2,134.9,4018364,0.5,18364,0,6766,18364,17186,6,6,0,1228,221,221,8396,22.6,25.2,17436,15229,87.3
dynamic_overlap_100d_4pct_hdd,100,64,1000000,5000,1.0,20,50000,vanilla_ec,15.0,12.6,17.6,54.8,0.0,18.1,554.9,4000000,0.0,0,0,0,0,0,0,-1,-1,-1,-1,-1,0,62.5,63.8,-1,-1,-1.0
dynamic_overlap_100d_4pct_hdd,100,64,1000000,5000,1.0,20,50000,late_binding,15.0,10.8,14.4,23.7,56.8,10.3,213.0,5000000,25.0,1000000,150000,10104,1000000,798555,0,-1,-1,-1,-1,121,17294,26.6,27.0,-1,-1,-1.0
dynamic_overlap_100d_4pct_hdd,100,64,1000000,5000,1.0,20,50000,timeout_degraded_read,15.0,12.6,17.5,27.5,49.7,17.2,217.5,4181664,4.5,181664,24460,8667,181664,23009,0,-1,-1,-1,121,121,10500,28.3,28.7,-1,-1,-1.0
dynamic_overlap_100d_4pct_hdd,100,64,1000000,5000,1.0,20,50000,health_ec,15.0,12.5,17.1,21.3,61.1,7.2,138.5,4018485,0.5,18485,0,6804,18485,17320,6,6,0,1243,1051,1051,8387,22.9,24.9,17553,15443,88.0
dynamic_overlap_100d_4pct_hdd,100,65,1000000,5000,1.0,20,50000,vanilla_ec,15.0,12.6,17.6,55.1,0.0,18.2,560.0,4000000,0.0,0,0,0,0,0,0,-1,-1,-1,-1,-1,0,63.4,64.3,-1,-1,-1.0
dynamic_overlap_100d_4pct_hdd,100,65,1000000,5000,1.0,20,50000,late_binding,15.0,10.8,14.4,23.5,57.4,10.3,211.9,5000000,25.0,1000000,150000,10151,1000000,798540,0,-1,-1,-1,-1,84,17275,26.7,27.1,-1,-1,-1.0
dynamic_overlap_100d_4pct_hdd,100,65,1000000,5000,1.0,20,50000,timeout_degraded_read,15.0,12.6,17.5,27.5,50.2,17.4,216.1,4181950,4.5,181950,24141,8677,181950,23020,0,-1,-1,-1,84,84,10571,28.3,28.6,-1,-1,-1.0
dynamic_overlap_100d_4pct_hdd,100,65,1000000,5000,1.0,20,50000,health_ec,15.0,12.5,17.2,21.2,61.4,7.4,137.1,4018494,0.5,18494,0,6781,18494,17380,6,6,0,1221,902,902,8404,22.8,24.9,17437,15431,88.5
dynamic_overlap_100d_4pct_hdd,100,66,1000000,5000,1.0,20,50000,vanilla_ec,15.0,12.6,17.6,55.4,0.0,18.0,559.4,4000000,0.0,0,0,0,0,0,0,-1,-1,-1,-1,-1,0,63.3,64.4,-1,-1,-1.0
dynamic_overlap_100d_4pct_hdd,100,66,1000000,5000,1.0,20,50000,late_binding,15.0,10.8,14.4,23.5,57.5,9.8,212.6,5000000,25.0,1000000,150000,10281,1000000,798425,0,-1,-1,-1,-1,24,17581,26.7,27.2,-1,-1,-1.0
dynamic_overlap_100d_4pct_hdd,100,66,1000000,5000,1.0,20,50000,timeout_degraded_read,15.0,12.6,17.5,27.5,50.4,17.1,217.8,4181861,4.5,181861,24535,8819,181861,23082,0,-1,-1,-1,24,51,10703,28.4,28.8,-1,-1,-1.0
dynamic_overlap_100d_4pct_hdd,100,66,1000000,5000,1.0,20,50000,health_ec,15.0,12.5,17.2,21.3,61.5,7.1,135.8,4018545,0.5,18545,0,6877,18545,17374,6,6,0,1231,1719,1719,8560,22.8,25.6,17486,15420,88.2
dynamic_overlap_100d_4pct_hdd,100,67,1000000,5000,1.0,20,50000,vanilla_ec,15.0,12.6,17.6,54.8,0.0,18.3,558.8,4000000,0.0,0,0,0,0,0,0,-1,-1,-1,-1,-1,0,63.1,65.0,-1,-1,-1.0
dynamic_overlap_100d_4pct_hdd,100,67,1000000,5000,1.0,20,50000,late_binding,15.0,10.8,14.4,23.3,57.5,9.7,212.5,5000000,25.0,1000000,150000,10341,1000000,798651,0,-1,-1,-1,-1,112,17578,26.1,27.3,-1,-1,-1.0
dynamic_overlap_100d_4pct_hdd,100,67,1000000,5000,1.0,20,50000,timeout_degraded_read,15.0,12.6,17.5,27.4,50.1,17.4,216.8,4181487,4.5,181487,24256,8909,181487,22987,0,-1,-1,-1,111,112,10851,27.9,29.0,-1,-1,-1.0
dynamic_overlap_100d_4pct_hdd,100,67,1000000,5000,1.0,20,50000,health_ec,15.0,12.5,17.1,21.1,61.5,7.4,133.6,4018703,0.5,18703,0,6963,18703,17522,6,6,0,1202,1121,1121,8644,22.1,24.8,17488,15561,89.0
dynamic_overlap_100d_4pct_hdd,100,68,1000000,5000,1.0,20,50000,vanilla_ec,15.0,12.6,17.6,55.2,0.0,18.0,560.7,4000000,0.0,0,0,0,0,0,0,-1,-1,-1,-1,-1,0,63.4,65.3,-1,-1,-1.0
dynamic_overlap_100d_4pct_hdd,100,68,1000000,5000,1.0,20,50000,late_binding,15.0,10.8,14.4,23.6,57.2,10.4,213.3,5000000,25.0,1000000,150000,10093,1000000,799164,0,-1,-1,-1,-1,69,17366,26.3,27.5,-1,-1,-1.0
dynamic_overlap_100d_4pct_hdd,100,68,1000000,5000,1.0,20,50000,timeout_degraded_read,15.0,12.6,17.5,27.5,50.3,17.4,218.3,4181321,4.5,181321,24112,8670,181321,22902,0,-1,-1,-1,69,69,10587,28.1,28.9,-1,-1,-1.0
dynamic_overlap_100d_4pct_hdd,100,68,1000000,5000,1.0,20,50000,health_ec,15.0,12.5,17.1,21.2,61.5,7.4,137.7,4018440,0.5,18440,0,6719,18440,17269,6,6,0,1214,609,609,8426,22.4,25.4,17437,15431,88.5
dynamic_overlap_100d_4pct_hdd,100,69,1000000,5000,1.0,20,50000,vanilla_ec,15.0,12.6,17.6,55.1,0.0,18.6,560.8,4000000,0.0,0,0,0,0,0,0,-1,-1,-1,-1,-1,0,63.5,64.4,-1,-1,-1.0
dynamic_overlap_100d_4pct_hdd,100,69,1000000,5000,1.0,20,50000,late_binding,15.0,10.8,14.4,23.7,57.1,10.4,213.8,5000000,25.0,1000000,150000,10086,1000000,798606,0,-1,-1,-1,-1,104,17284,26.4,27.4,-1,-1,-1.0
dynamic_overlap_100d_4pct_hdd,100,69,1000000,5000,1.0,20,50000,timeout_degraded_read,15.0,12.6,17.5,27.4,50.2,17.6,217.8,4180727,4.5,180727,24128,8653,180727,23098,0,-1,-1,-1,122,122,10460,28.1,28.7,-1,-1,-1.0
dynamic_overlap_100d_4pct_hdd,100,69,1000000,5000,1.0,20,50000,health_ec,15.0,12.5,17.2,21.3,61.3,7.8,137.3,4018414,0.5,18414,0,6758,18414,17282,6,6,0,1204,2559,2559,8387,23.1,24.8,17497,15378,87.9
dynamic_overlap_100d_4pct_hdd,100,70,1000000,5000,1.0,20,50000,vanilla_ec,15.0,12.6,17.6,54.7,0.0,17.9,555.5,4000000,0.0,0,0,0,0,0,0,-1,-1,-1,-1,-1,0,62.9,63.6,-1,-1,-1.0
dynamic_overlap_100d_4pct_hdd,100,70,1000000,5000,1.0,20,50000,late_binding,15.0,10.8,14.4,23.4,57.2,10.0,209.8,5000000,25.0,1000000,150000,10060,1000000,797516,0,-1,-1,-1,-1,84,17289,26.1,27.1,-1,-1,-1.0
dynamic_overlap_100d_4pct_hdd,100,70,1000000,5000,1.0,20,50000,timeout_degraded_read,15.0,12.6,17.5,27.4,50.0,17.2,213.1,4180791,4.5,180791,24095,8612,180791,22843,0,-1,-1,-1,84,84,10483,27.9,28.9,-1,-1,-1.0
dynamic_overlap_100d_4pct_hdd,100,70,1000000,5000,1.0,20,50000,health_ec,15.0,12.5,17.1,21.2,61.2,7.3,132.0,4018279,0.5,18279,0,6660,18279,17139,6,6,0,1198,1779,1779,8298,23.0,24.5,17241,15224,88.3
dynamic_overlap_100d_4pct_hdd,100,71,1000000,5000,1.0,20,50000,vanilla_ec,15.0,12.6,17.6,54.9,0.0,17.6,557.5,4000000,0.0,0,0,0,0,0,0,-1,-1,-1,-1,-1,0,63.5,64.0,-1,-1,-1.0
dynamic_overlap_100d_4pct_hdd,100,71,1000000,5000,1.0,20,50000,late_binding,15.0,10.8,14.4,23.5,57.3,9.8,214.1,5000000,25.0,1000000,150000,10041,1000000,798989,0,-1,-1,-1,-1,120,17336,26.5,27.3,-1,-1,-1.0
dynamic_overlap_100d_4pct_hdd,100,71,1000000,5000,1.0,20,50000,timeout_degraded_read,15.0,12.6,17.5,27.4,50.1,16.8,217.8,4181453,4.5,181453,24431,8640,181453,22785,0,-1,-1,-1,120,120,10508,28.1,29.0,-1,-1,-1.0
dynamic_overlap_100d_4pct_hdd,100,71,1000000,5000,1.0,20,50000,health_ec,15.0,12.5,17.1,21.4,61.1,7.1,136.0,4018417,0.5,18417,0,6761,18417,17218,6,6,0,1216,747,747,8482,23.5,24.7,17370,15255,87.8
