candidate_id,row_type,grid_name,a_abs,b_abs,theta_s,theta_d,seeds,num_runs,feasible,post_warmup_windowed_p99_ms_median,post_warmup_windowed_p99_ms_min,post_warmup_windowed_p99_ms_max,post_warmup_windowed_p99_ms_sum,severe_window_p99_ms_median,severe_window_p99_ms_min,severe_window_p99_ms_max,severe_window_p99_ms_sum,post_warmup_p99_gap_to_tdr_ms_median,post_warmup_p99_gap_to_tdr_ms_min,post_warmup_p99_gap_to_tdr_ms_max,post_warmup_p99_gap_to_tdr_ms_sum,post_warmup_p99_gap_to_tdr_pct_median,post_warmup_p99_gap_to_tdr_pct_min,post_warmup_p99_gap_to_tdr_pct_max,post_warmup_p99_gap_to_tdr_pct_sum,severe_window_p99_gap_to_tdr_ms_median,severe_window_p99_gap_to_tdr_ms_min,severe_window_p99_gap_to_tdr_ms_max,severe_window_p99_gap_to_tdr_ms_sum,bandwidth_overhead_pct_median,bandwidth_overhead_pct_min,bandwidth_overhead_pct_max,bandwidth_overhead_pct_sum,bandwidth_vs_tdr_ratio_median,bandwidth_vs_tdr_ratio_min,bandwidth_vs_tdr_ratio_max,bandwidth_vs_tdr_ratio_sum,read_bypass_eligible_events_median,read_bypass_eligible_events_min,read_bypass_eligible_events_max,read_bypass_eligible_events_sum,read_bypass_triggered_events_median,read_bypass_triggered_events_min,read_bypass_triggered_events_max,read_bypass_triggered_events_sum,read_bypass_coverage_pct_median,read_bypass_coverage_pct_min,read_bypass_coverage_pct_max,read_bypass_coverage_pct_sum,migration_triggers_median,migration_triggers_min,migration_triggers_max,migration_triggers_sum,migration_true_positives_median,migration_true_positives_min,migration_true_positives_max,migration_true_positives_sum,migration_false_positives_median,migration_false_positives_min,migration_false_positives_max,migration_false_positives_sum,migration_false_negatives_median,migration_false_negatives_min,migration_false_negatives_max,migration_false_negatives_sum,migration_precision_pct_median,migration_precision_pct_min,migration_precision_pct_max,migration_precision_pct_sum,migration_recall_pct_median,migration_recall_pct_min,migration_recall_pct_max,migration_recall_pct_sum,migration_fp_rate_pct_median,migration_fp_rate_pct_min,migration_fp_rate_pct_max,migration_fp_rate_pct_sum,pre_slowdown_parity_reads_median,pre_slowdown_parity_reads_min,pre_slowdown_parity_reads_max,pre_slowdown_parity_reads_sum,recovery_parity_reads_median,recovery_parity_reads_min,recovery_parity_reads_max,recovery_parity_reads_sum,post_warmup_gap_reduction_vs_t26_pct_median,post_warmup_gap_reduction_vs_t26_pct_min,post_warmup_gap_reduction_vs_t26_pct_max,post_warmup_gap_reduction_vs_t26_pct_sum
t2_8_2_3|A=20|B=15|S=0.07|D=12,candidate,t2_8_2_3,20,15,0.07,12,1001;1002;1003;1004;1005;1006;1007;1008;1009;1010,10,1,21.35,20.8,22.6,213.8,20.35,19.7,21.9,204.5,-7.8,-8.5,-6.6,-78.2,-26.759,-29.01,-22.603,-267.791,-10.85,-11.6,-9.1,-106.9,4.05,4,4.2,40.6,0.384,0.381,0.396,3.856,15335,15053,15865,153453,13911.5,13665,14426,139585,90.9,90.4,91.8,909.6,6,6,6,60,6,6,6,60,0,0,0,0,701.5,692,712,7018,100,100,100,1000,0.848,0.836,0.86,8.478,0,0,0,0,0,0,0,0,4851.5,4788,4919,48522,188.636,175,196.591,1888.636
t2_8_2_3|A=20|B=20|S=0.05|D=12,candidate,t2_8_2_3,20,20,0.05,12,1001;1002;1003;1004;1005;1006;1007;1008;1009;1010,10,1,20.75,19.9,21.6,206.8,19.3,19.1,19.6,193.2,-8.45,-9.2,-7.6,-85.2,-28.938,-31.615,-26.027,-291.79,-11.85,-12.2,-11.4,-118.2,4.2,4.2,4.3,42.3,0.4,0.396,0.41,4.017,15949,15709,16159,159514,14709,14504,14856,147070,92.2,91.6,92.8,921.8,6,6,6,60,6,6,6,60,0,0,0,0,703.5,694,714,7038,100,100,100,1000,0.846,0.833,0.857,8.454,0,0,0,0,0,0,0,0,4766.5,4663,4804,47542,196.023,186.364,204.545,1968.182
t2_8_2_3|A=20|B=15|S=0.07|D=16,candidate,t2_8_2_3,20,15,0.07,16,1001;1002;1003;1004;1005;1006;1007;1008;1009;1010,10,1,21.5,20.9,22.5,214.8,20.45,19.7,21.9,205.5,-7.7,-8.4,-6.7,-77.2,-26.369,-28.669,-22.945,-264.362,-10.75,-11.6,-9.1,-105.9,4.2,4.1,4.3,42.1,0.4,0.39,0.406,3.998,15889,15678,16159,159048,14508,14303,14889,145138,91.2,90.8,92.1,912.5,6,6,6,60,6,6,6,60,0,0,0,0,703,694,715,7038,100,100,100,1000,0.846,0.832,0.857,8.454,0,0,0,0,0,0,0,0,4865,4791,4988,48657,187.5,176.136,195.455,1877.273
t2_8_2_3|A=20|B=15|S=0.05|D=12,candidate,t2_8_2_3,20,15,0.05,12,1001;1002;1003;1004;1005;1006;1007;1008;1009;1010,10,1,19.5,19.2,19.8,194.9,19.1,19,19.4,191.1,-9.65,-10,-9.5,-97.1,-33.104,-34.247,-32.423,-332.533,-12.05,-12.3,-11.7,-120.3,4.2,4.1,4.4,42.3,0.4,0.39,0.415,4.017,15334.5,15053,15864,153318,14267,13975,14779,142809,93.15,92.7,93.8,931.6,6,6,6,60,6,6,6,60,0,0,0,0,701.5,692,712,7018,100,100,100,1000,0.848,0.836,0.86,8.478,0,0,0,0,0,0,0,0,5034.5,4963,5130,50420,209.659,207.955,213.636,2103.409
t2_8_2_3|A=25|B=15|S=0.03|D=12,candidate,t2_8_2_3,25,15,0.03,12,1001;1002;1003;1004;1005;1006;1007;1008;1009;1010,10,1,19.15,19,19.6,192,18.9,18.8,19,189.1,-10.05,-10.3,-9.6,-100,-34.418,-35.154,-32.99,-342.463,-12.25,-12.4,-12,-122.3,4.2,4.2,4.4,42.4,0.4,0.396,0.415,4.027,15355.5,15082,15890,153344,13866,13651,14382,139142,90.75,90,91.4,907.4,6,6,6,60,6,6,6,60,0,0,0,0,701,692,712,7017,100,100,100,1000,0.849,0.836,0.86,8.479,0,0,0,0,0,0,0,0,5154.5,5098,5228,51578,214.205,209.091,217.045,2136.364
t2_8_2_3|A=20|B=10|S=0.07|D=12,candidate,t2_8_2_3,20,10,0.07,12,1001;1002;1003;1004;1005;1006;1007;1008;1009;1010,10,1,19.85,19.4,20.4,199.1,19.65,19.3,20.1,196.1,-9.3,-9.8,-8.7,-92.9,-31.904,-33.562,-29.897,-318.145,-11.55,-11.9,-11,-115.3,4.2,4.2,4.3,42.2,0.4,0.396,0.41,4.008,15002.5,14836,15081,149632,13710,13572,13948,137081,91.55,91.2,92.5,916.1,6,6,6,60,6,6,6,60,0,0,0,0,701,692,712,7015,100,100,100,1000,0.849,0.836,0.86,8.481,0,0,0,0,0,0,0,0,5192,5077,5278,51868,205.682,198.864,211.364,2055.682
t2_8_2_3|A=15|B=20|S=0.07|D=12,candidate,t2_8_2_3,15,20,0.07,12,1001;1002;1003;1004;1005;1006;1007;1008;1009;1010,10,1,22.05,20.9,22.6,219.3,19.9,19.4,20.2,198.2,-7.2,-8.4,-6.5,-72.7,-24.615,-28.669,-22.337,-248.943,-11.3,-11.9,-10.9,-113.2,4.2,4.2,4.3,42.2,0.4,0.396,0.406,4.008,15929.5,15707,16154,159347,14697,14558,14852,147173,92.3,91.9,92.7,923.5,6,6,6,60,6,6,6,60,0,0,0,0,703.5,694,714,7037,100,100,100,1000,0.846,0.833,0.857,8.455,0,0,0,0,20,0,41,207,4578.5,4526,4632,45801,181.818,173.864,195.455,1826.136
t2_8_2_3|A=15|B=15|S=0.07|D=12,candidate,t2_8_2_3,15,15,0.07,12,1001;1002;1003;1004;1005;1006;1007;1008;1009;1010,10,1,20.85,19.9,21.4,208,19.5,19.2,19.8,194.7,-8.35,-9.2,-7.7,-84,-28.596,-31.615,-26.46,-287.664,-11.7,-12.1,-11.2,-116.7,4.2,4.1,4.4,42.2,0.4,0.39,0.415,4.007,15343.5,15049,15903,153488,14339.5,14082,14897,143785,93.65,93.3,94,936.7,6,6,7,61,6,6,7,61,0,0,0,0,701.5,692,712,7017,100,100,100,1000,0.85,0.836,0.975,8.617,0,0,0,0,20,0,46,213,4898,4829,4987,49080,194.886,187.5,204.545,1954.545
t2_8_2_3|A=25|B=20|S=0.03|D=12,candidate,t2_8_2_3,25,20,0.03,12,1001;1002;1003;1004;1005;1006;1007;1008;1009;1010,10,1,19.2,19.1,19.8,192.9,19,18.9,19.1,189.9,-10,-10.1,-9.5,-99.1,-34.305,-34.589,-32.423,-339.384,-12.15,-12.3,-11.9,-121.5,4.25,4.2,4.3,42.5,0.403,0.4,0.41,4.036,15929.5,15718,16047,159297,14378.5,14280,14587,144183,90.5,90,91.1,905.1,6,6,6,60,6,6,6,60,0,0,0,0,703,694,714,7035,100,100,100,1000,0.846,0.833,0.857,8.457,0,0,0,0,0,0,0,0,4934.5,4854,4981,49287,213.636,207.955,214.773,2126.136
t2_8_2_3|A=20|B=20|S=0.05|D=16,candidate,t2_8_2_3,20,20,0.05,16,1001;1002;1003;1004;1005;1006;1007;1008;1009;1010,10,1,20.6,19.4,21.7,206.2,19.25,19.1,19.6,193,-8.5,-9.8,-7.5,-85.8,-29.21,-33.562,-25.685,-293.858,-11.85,-12.2,-11.5,-118.4,4.35,4.3,4.6,43.8,0.412,0.406,0.438,4.16,16369,16121,17210,165233,15128.5,14908,16003,152752,92.45,91.9,93,924.3,6,6,6,60,6,6,6,60,0,0,0,0,704,695,714,7040,100,100,100,1000,0.845,0.833,0.856,8.451,0,0,0,0,0,0,0,0,4756,4694,4808,47522,196.591,185.227,211.364,1975
t2_8_2_3|A=15|B=20|S=0.07|D=16,candidate,t2_8_2_3,15,20,0.07,16,1001;1002;1003;1004;1005;1006;1007;1008;1009;1010,10,1,22,20.9,22.5,219.1,19.95,19.5,20.3,199,-7.2,-8.4,-6.6,-72.9,-24.658,-28.669,-22.68,-249.629,-11.25,-11.8,-10.8,-112.4,4.35,4.2,4.6,43.7,0.412,0.4,0.438,4.15,16367.5,15966,17211,164553,15145.5,14811,16013,152410,92.55,92.2,93,926.2,6,6,6,60,6,6,6,60,0,0,0,0,703.5,694,714,7037,100,100,100,1000,0.846,0.833,0.857,8.455,0,0,0,0,20,0,41,207,4581.5,4526,4658,45845,181.818,175,195.455,1828.409
t2_8_2_3|A=15|B=15|S=0.07|D=16,candidate,t2_8_2_3,15,15,0.07,16,1001;1002;1003;1004;1005;1006;1007;1008;1009;1010,10,1,20.9,20.1,21.4,208.4,19.55,19.2,19.8,195.2,-8.35,-9,-7.7,-83.6,-28.546,-30.928,-26.46,-286.295,-11.6,-12.1,-11.2,-116.2,4.35,4.3,4.5,43.7,0.412,0.41,0.429,4.15,15865,15674,16148,158952,14863,14735,15197,149220,93.85,93.5,94.2,938.7,6,6,6,60,6,6,6,60,0,0,0,0,703,694,714,7038,100,100,100,1000,0.846,0.833,0.857,8.454,0,0,0,0,20,0,46,213,4958,4835,5081,49452,194.886,187.5,202.273,1950
t2_8_2_3|A=25|B=20|S=0.03|D=16,candidate,t2_8_2_3,25,20,0.03,16,1001;1002;1003;1004;1005;1006;1007;1008;1009;1010,10,1,19.2,19,19.6,192.3,19,18.9,19.1,189.7,-10,-10.2,-9.5,-99.7,-34.305,-34.932,-32.646,-341.434,-12.2,-12.3,-12,-121.7,4.4,4.3,4.7,44,0.415,0.41,0.448,4.179,16361,16239,17382,164694,14845,14648,15928,149583,90.75,90.2,91.6,908.1,6,6,6,60,6,6,6,60,0,0,0,0,703.5,695,714,7039,100,100,100,1000,0.846,0.833,0.856,8.453,0,0,0,0,0,0,0,0,4949.5,4851,4993,49385,213.636,207.955,215.909,2132.955
t2_8_2_3|A=15|B=15|S=0.05|D=12,candidate,t2_8_2_3,15,15,0.05,12,1001;1002;1003;1004;1005;1006;1007;1008;1009;1010,10,1,19.1,19,19.5,191.6,19,18.9,19.2,189.9,-10.1,-10.3,-9.8,-100.4,-34.589,-35.154,-33.447,-343.833,-12.2,-12.3,-11.9,-121.5,4.4,4.3,4.6,43.8,0.415,0.41,0.434,4.159,15344.5,15048,15903,153355,14646.5,14352,15188,146538,95.5,95.4,95.9,955.6,6,6,7,61,6,6,7,61,0,0,0,0,701.5,692,712,7017,100,100,100,1000,0.85,0.836,0.975,8.617,0,0,0,0,22,0,49,231,5072,5001,5157,50774,214.773,211.364,217.045,2140.909
t2_8_2_3|A=20|B=15|S=0.05|D=16,candidate,t2_8_2_3,20,15,0.05,16,1001;1002;1003;1004;1005;1006;1007;1008;1009;1010,10,1,19.5,19.1,19.8,194.7,19.1,19,19.4,191.4,-9.7,-10.1,-9.4,-97.3,-33.219,-34.471,-32.192,-333.218,-12.05,-12.3,-11.7,-120,4.4,4.3,4.5,43.8,0.417,0.41,0.425,4.159,15888,15677,16161,159045,14834,14659,15202,148508,93.25,93,94.1,933.8,6,6,6,60,6,6,6,60,0,0,0,0,703,694,715,7038,100,100,100,1000,0.846,0.832,0.857,8.454,0,0,0,0,0,0,0,0,5046,4964,5171,50531,210.227,206.818,214.773,2105.682
t2_8_2_3|A=15|B=25|S=0.07|D=12,candidate,t2_8_2_3,15,25,0.07,12,1001;1002;1003;1004;1005;1006;1007;1008;1009;1010,10,1,23.2,21.6,24.3,231.1,21.9,19.8,26.7,226.4,-5.95,-7.7,-4.8,-60.9,-20.412,-26.28,-16.495,-208.51,-9.25,-11.4,-4.5,-85,4.4,4.3,4.5,44,0.417,0.406,0.429,4.179,17351.5,16652,17613,172212,15646,15036,15925,155645,90.35,89.9,90.8,903.8,6,6,6,60,6,5,6,58,0,0,0,0,704,696,714,7049,100,100,100,1000,0.838,0.711,0.855,8.158,0,0,0,0,20,0,41,207,4288,4182,4341,42731,167.614,154.545,187.5,1692.045
t2_8_2_3|A=20|B=20|S=0.03|D=12,candidate,t2_8_2_3,20,20,0.03,12,1001;1002;1003;1004;1005;1006;1007;1008;1009;1010,10,1,19.1,18.9,19.5,191.1,18.9,18.8,19,189.2,-10.1,-10.4,-9.8,-100.9,-34.648,-35.495,-33.447,-345.543,-12.2,-12.4,-12,-122.2,4.4,4.4,4.5,44.3,0.419,0.415,0.429,4.207,15941,15710,16158,159368,15036.5,14898,15209,150504,94.35,94,95.1,944.5,6,6,6,60,6,6,6,60,0,0,0,0,703.5,694,714,7037,100,100,100,1000,0.846,0.833,0.857,8.455,0,0,0,0,0,0,0,0,4961,4832,5014,49450,214.773,211.364,218.182,2146.591
t2_8_2_3|A=25|B=15|S=0.03|D=16,candidate,t2_8_2_3,25,15,0.03,16,1001;1002;1003;1004;1005;1006;1007;1008;1009;1010,10,1,19.1,19,19.6,191.9,18.9,18.8,19,189,-10.1,-10.3,-9.6,-100.1,-34.53,-35.154,-32.99,-342.806,-12.3,-12.4,-12,-122.4,4.4,4.4,4.5,44.3,0.419,0.415,0.429,4.207,15892.5,15711,16180,159169,14405.5,14363,14813,144934,91.15,90.4,91.7,910.7,6,6,6,60,6,6,6,60,0,0,0,0,703,694,715,7037,100,100,100,1000,0.846,0.832,0.857,8.455,0,0,0,0,0,0,0,0,5141.5,5098,5247,51613,214.773,209.091,217.045,2137.5
t2_8_2_3|A=20|B=15|S=0.03|D=12,candidate,t2_8_2_3,20,15,0.03,12,1001;1002;1003;1004;1005;1006;1007;1008;1009;1010,10,1,19.05,18.9,19.4,190.8,18.8,18.8,19,188.5,-10.1,-10.4,-9.9,-101.2,-34.648,-35.495,-33.788,-346.57,-12.3,-12.5,-12.1,-122.9,4.4,4.4,4.6,44.4,0.419,0.415,0.434,4.216,15335,15055,15865,153325,14526,14275,15027,145449,94.8,94.5,95.6,948.7,6,6,6,60,6,6,6,60,0,0,0,0,701.5,692,712,7018,100,100,100,1000,0.848,0.836,0.86,8.478,0,0,0,0,0,0,0,0,5149,5101,5235,51601,214.773,212.5,218.182,2150
t2_8_2_3|A=20|B=10|S=0.07|D=16,candidate,t2_8_2_3,20,10,0.07,16,1001;1002;1003;1004;1005;1006;1007;1008;1009;1010,10,1,19.85,19.5,20.3,199,19.6,19.3,20.1,196.1,-9.3,-9.7,-8.8,-93,-31.904,-33.219,-30.241,-318.488,-11.5,-11.9,-11,-115.3,4.4,4.3,4.6,44.3,0.419,0.41,0.438,4.207,15528.5,15003,15911,155547,14230.5,13769,14785,143024,91.8,91.5,92.9,919.5,6,6,6,60,6,6,6,60,0,0,0,0,701.5,692,714,7026,100,100,100,1000,0.848,0.833,0.86,8.468,0,0,0,0,0,0,0,0,5218.5,5075,5361,52101,205.682,200,210.227,2056.818
t2_8_2_3|A=20|B=10|S=0.05|D=12,candidate,t2_8_2_3,20,10,0.05,12,1001;1002;1003;1004;1005;1006;1007;1008;1009;1010,10,1,19.35,19.1,19.5,193.1,19,18.9,19.1,189.7,-9.9,-10.1,-9.7,-98.9,-33.905,-34.589,-33.219,-338.7,-12.2,-12.3,-12,-121.7,4.4,4.4,4.5,44.3,0.419,0.415,0.429,4.207,15001,14834,15082,149627,13992,13890,14222,139927,93.5,93.1,94.3,935.2,6,6,6,60,6,6,6,60,0,0,0,0,701,692,712,7015,100,100,100,1000,0.849,0.836,0.86,8.481,0,0,0,0,0,0,0,0,5274,5166,5355,52669,212.5,210.227,214.773,2123.864
t2_8_2_3|A=15|B=20|S=0.05|D=12,candidate,t2_8_2_3,15,20,0.05,12,1001;1002;1003;1004;1005;1006;1007;1008;1009;1010,10,1,19.8,19.4,20.1,197.8,19.1,19,19.4,191.4,-9.45,-9.8,-9.1,-94.2,-32.307,-33.562,-31.164,-322.593,-12.05,-12.2,-11.7,-120,4.4,4.3,4.5,43.9,0.419,0.41,0.425,4.169,15929.5,15706,16156,159345,15081.5,14903,15270,150918,94.7,94.4,95.1,947.1,6,6,6,60,6,6,6,60,0,0,0,0,703.5,694,714,7037,100,100,100,1000,0.846,0.833,0.857,8.455,0,0,0,0,21.5,0,44,225,4823.5,4768,4897,48205,207.386,203.409,211.364,2070.455
t2_8_2_3|A=15|B=10|S=0.07|D=12,candidate,t2_8_2_3,15,10,0.07,12,1001;1002;1003;1004;1005;1006;1007;1008;1009;1010,10,1,19.4,19.2,19.7,194,19.2,19,19.4,192,-9.9,-10,-9.5,-98,-33.788,-34.247,-32.534,-335.619,-11.95,-12.2,-11.6,-119.4,4.4,4.4,4.6,44.5,0.419,0.415,0.434,4.226,14996.5,14821,15078,149537,14136.5,13976,14278,141101,94.3,94.2,94.7,943.7,6,6,6,60,6,6,6,60,0,0,0,0,701,692,712,7015,100,100,100,1000,0.849,0.836,0.86,8.481,0,0,0,0,39.5,0,205,561,5217.5,5109,5298,52163,212.5,207.955,213.636,2113.636
t2_8_2_3|A=25|B=10|S=0.03|D=12,candidate,t2_8_2_3,25,10,0.03,12,1001;1002;1003;1004;1005;1006;1007;1008;1009;1010,10,1,19.05,19,19.5,191.2,18.9,18.8,19,188.9,-10.15,-10.3,-9.8,-100.8,-34.76,-35.154,-33.447,-345.203,-12.3,-12.4,-12,-122.5,4.45,4.4,4.6,44.6,0.422,0.419,0.434,4.235,15023.5,14870,15185,150057,13576,13480,13876,136137,90.75,90,91.4,907.2,6,6,6,60,6,6,6,60,0,0,0,0,701,692,712,7015,100,100,100,1000,0.849,0.836,0.86,8.481,0,0,0,0,0,0,0,0,5295.5,5192,5366,52862,215.341,211.364,217.045,2145.455
t2_8_2_3|A=15|B=20|S=0.05|D=16,candidate,t2_8_2_3,15,20,0.05,16,1001;1002;1003;1004;1005;1006;1007;1008;1009;1010,10,1,19.8,19.2,20.2,197.8,19.15,18.9,19.4,191.2,-9.4,-10,-9,-94.2,-32.247,-34.247,-30.822,-322.592,-12.05,-12.2,-11.7,-120.2,4.5,4.4,4.7,45.1,0.425,0.419,0.448,4.283,16359,15966,17212,164436,15510,15164,16373,156021,94.9,94.6,95.1,948.8,6,6,6,60,6,6,6,60,0,0,0,0,703.5,694,714,7037,100,100,100,1000,0.846,0.833,0.857,8.455,0,0,0,0,21.5,0,44,225,4822.5,4765,4906,48201,206.818,202.273,213.636,2070.455
t2_8_2_3|A=15|B=15|S=0.05|D=16,candidate,t2_8_2_3,15,15,0.05,16,1001;1002;1003;1004;1005;1006;1007;1008;1009;1010,10,1,19.15,19,19.5,192,19,18.9,19.2,190.2,-10,-10.3,-9.8,-100,-34.364,-35.154,-33.447,-342.463,-12.2,-12.3,-11.8,-121.2,4.5,4.5,4.6,45.4,0.429,0.425,0.438,4.312,15865,15674,16148,158952,15173.5,15036,15444,152115,95.6,95.5,96,956.8,6,6,6,60,6,6,6,60,0,0,0,0,703,694,714,7038,100,100,100,1000,0.846,0.833,0.857,8.454,0,0,0,0,22,0,49,231,5115,4994,5259,51096,213.636,211.364,217.045,2136.364
t2_8_2_3|A=15|B=15|S=0.03|D=12,candidate,t2_8_2_3,15,15,0.03,12,1001;1002;1003;1004;1005;1006;1007;1008;1009;1010,10,1,19,18.9,19.2,190.2,18.9,18.8,18.9,188.6,-10.2,-10.4,-10,-101.8,-34.932,-35.495,-34.364,-348.626,-12.25,-12.4,-12.1,-122.8,4.5,4.5,4.7,45.5,0.429,0.429,0.443,4.321,15344.5,15049,15902,153354,14848.5,14572,15375,148555,96.8,96.6,97.2,968.7,6,6,7,61,6,6,7,61,0,0,0,0,701.5,692,712,7017,100,100,100,1000,0.85,0.836,0.975,8.617,0,0,0,0,26,0,53,266,5159,5106,5246,51720,215.909,213.636,218.182,2156.818
t2_8_2_3|A=20|B=25|S=0.05|D=16,candidate,t2_8_2_3,20,25,0.05,16,1001;1002;1003;1004;1005;1006;1007;1008;1009;1010,10,1,22.45,21.9,23.1,223.7,19.4,19.2,19.8,194.9,-6.7,-7.4,-6,-68.3,-22.985,-25.256,-20.619,-233.878,-11.65,-12.1,-11.2,-116.5,4.55,4.5,4.6,45.5,0.431,0.425,0.438,4.321,17785,17642,18168,178151,16045,15785,16398,160337,90.2,89.3,90.5,900.1,6,6,6,60,6,6,6,60,0,0,0,0,705,696,716,7058,100,100,100,1000,0.844,0.831,0.855,8.43,0,0,0,0,0,0,0,0,4418,4277,4530,44166,176.136,168.182,184.091,1776.136
t2_8_2_3|A=20|B=20|S=0.03|D=16,candidate,t2_8_2_3,20,20,0.03,16,1001;1002;1003;1004;1005;1006;1007;1008;1009;1010,10,1,19,18.9,19.4,190.6,18.9,18.8,19,188.8,-10.2,-10.4,-9.8,-101.4,-34.932,-35.495,-33.677,-347.254,-12.3,-12.4,-12.1,-122.6,4.55,4.5,4.8,45.8,0.431,0.425,0.457,4.35,16368.5,16125,17211,165237,15492.5,15266,16354,156360,94.65,94.1,95.1,946.3,6,6,6,60,6,6,6,60,0,0,0,0,704,695,714,7040,100,100,100,1000,0.845,0.833,0.856,8.451,0,0,0,0,0,0,0,0,4945.5,4880,5004,49449,215.909,211.364,218.182,2152.273
t2_8_2_3|A=15|B=25|S=0.07|D=16,candidate,t2_8_2_3,15,25,0.07,16,1001;1002;1003;1004;1005;1006;1007;1008;1009;1010,10,1,23.3,21.9,24.2,231.5,22.2,19.9,27.1,227.5,-5.85,-7.4,-4.9,-60.5,-20.069,-25.256,-16.838,-207.136,-8.95,-11.3,-4.1,-83.9,4.55,4.5,4.7,45.6,0.431,0.425,0.448,4.331,17811,17650,18170,178342,16186.5,15990,16465,161701,90.65,90.1,91,906.7,6,6,6,60,6,6,6,60,0,0,0,0,705,697,716,7059,100,100,100,1000,0.844,0.831,0.853,8.429,0,0,0,0,20,0,41,207,4320.5,4179,4384,43035,166.477,155.682,184.091,1687.5
t2_8_2_3|A=20|B=15|S=0.03|D=16,candidate,t2_8_2_3,20,15,0.03,16,1001;1002;1003;1004;1005;1006;1007;1008;1009;1010,10,1,19,18.9,19.4,190.6,18.8,18.8,19,188.5,-10.2,-10.4,-9.9,-101.4,-34.932,-35.495,-33.788,-347.254,-12.3,-12.5,-12,-122.9,4.6,4.5,4.7,45.7,0.434,0.429,0.443,4.34,15878,15678,16162,158884,15041.5,14922,15473,151000,95,94.7,95.7,950.4,6,6,6,60,6,6,6,60,0,0,0,0,703,694,715,7037,100,100,100,1000,0.846,0.832,0.857,8.455,0,0,0,0,0,0,0,0,5153,5095,5239,51625,215.909,212.5,218.182,2152.273
t2_8_2_3|A=15|B=20|S=0.03|D=12,candidate,t2_8_2_3,15,20,0.03,12,1001;1002;1003;1004;1005;1006;1007;1008;1009;1010,10,1,19,18.9,19.3,190.4,18.9,18.8,19,188.7,-10.15,-10.4,-10,-101.6,-34.76,-35.495,-34.13,-347.943,-12.3,-12.4,-12.1,-122.7,4.6,4.5,4.6,45.7,0.434,0.429,0.438,4.34,15916.5,15707,16157,159200,15330.5,15205,15545,153578,96.45,96.2,96.8,964.6,6,6,6,60,6,6,6,60,0,0,0,0,703.5,694,714,7036,100,100,100,1000,0.846,0.833,0.857,8.456,0,0,0,0,26,0,48,260,4982,4895,5066,49833,215.341,213.636,218.182,2154.545
t2_8_2_3|A=15|B=10|S=0.07|D=16,candidate,t2_8_2_3,15,10,0.07,16,1001;1002;1003;1004;1005;1006;1007;1008;1009;1010,10,1,19.4,19.2,19.7,194.2,19.2,19,19.4,191.9,-9.85,-10,-9.5,-97.8,-33.675,-34.13,-32.646,-334.932,-12,-12.2,-11.6,-119.5,4.6,4.5,4.8,46.1,0.436,0.425,0.457,4.378,15620,14980,15971,155613,14742.5,14171,15120,147186,94.55,94.3,95,945.7,6,6,6,60,6,6,6,60,0,0,0,0,701.5,692,714,7028,100,100,100,1000,0.848,0.833,0.86,8.466,0,0,0,0,39.5,0,205,561,5239.5,5106,5483,52516,211.932,207.955,213.636,2111.364
t2_8_2_3|A=15|B=25|S=0.05|D=12,candidate,t2_8_2_3,15,25,0.05,12,1001;1002;1003;1004;1005;1006;1007;1008;1009;1010,10,1,21.95,21.1,22.5,218,19.25,19,19.5,192.3,-7.25,-8.2,-6.6,-74,-24.827,-27.986,-22.68,-253.396,-11.9,-12.2,-11.6,-119.1,4.6,4.5,4.7,45.9,0.436,0.425,0.448,4.359,17351,16655,17611,172032,16095,15471,16368,160003,93,92.7,93.3,930.1,6,6,6,60,6,5,6,58,0,0,0,0,704,696,714,7048,100,100,100,1000,0.838,0.711,0.855,8.16,0,0,0,0,21.5,0,44,225,4562.5,4466,4616,45606,182.386,175,193.182,1840.909
t2_8_2_3|A=20|B=10|S=0.05|D=16,candidate,t2_8_2_3,20,10,0.05,16,1001;1002;1003;1004;1005;1006;1007;1008;1009;1010,10,1,19.3,19,19.5,192.8,18.95,18.9,19.1,189.8,-9.95,-10.1,-9.7,-99.2,-34.017,-34.708,-33.219,-339.728,-12.2,-12.4,-11.9,-121.6,4.6,4.5,4.8,46.2,0.438,0.425,0.457,4.387,15527,15002,15912,155535,14518,14064,15052,145832,93.7,93.3,94.6,937.7,6,6,6,60,6,6,6,60,0,0,0,0,701.5,692,714,7026,100,100,100,1000,0.848,0.833,0.86,8.468,0,0,0,0,0,0,0,0,5288.5,5163,5440,52847,213.068,210.227,214.773,2127.273
t2_8_2_3|A=20|B=10|S=0.03|D=12,candidate,t2_8_2_3,20,10,0.03,12,1001;1002;1003;1004;1005;1006;1007;1008;1009;1010,10,1,19,18.9,19.4,190.2,18.8,18.8,18.9,188.3,-10.2,-10.4,-9.9,-101.8,-34.932,-35.495,-33.788,-348.626,-12.3,-12.5,-12.2,-123.1,4.6,4.6,4.7,46.4,0.438,0.434,0.448,4.407,15000.5,14833,15082,149629,14207,14099,14428,142066,94.9,94.5,95.7,949.5,6,6,6,60,6,6,6,60,0,0,0,0,701,692,712,7015,100,100,100,1000,0.849,0.836,0.86,8.481,0,0,0,0,0,0,0,0,5297.5,5192,5366,52869,215.909,212.5,218.182,2156.818
t2_8_2_3|A=15|B=10|S=0.05|D=12,candidate,t2_8_2_3,15,10,0.05,12,1001;1002;1003;1004;1005;1006;1007;1008;1009;1010,10,1,19,18.9,19.4,190.5,18.9,18.8,19,188.8,-10.15,-10.4,-9.9,-101.5,-34.82,-35.495,-33.788,-347.597,-12.3,-12.4,-12,-122.6,4.6,4.6,4.7,46.4,0.438,0.434,0.448,4.407,14997,14822,15077,149538,14372.5,14212,14512,143464,95.85,95.7,96.3,959.4,6,6,6,60,6,6,6,60,0,0,0,0,701,692,712,7015,100,100,100,1000,0.849,0.836,0.86,8.481,0,0,0,0,41,0,301,673,5290.5,5177,5363,52792,215.341,212.5,218.182,2153.409
t2_8_2_3|A=20|B=15|S=0.07|D=24,candidate,t2_8_2_3,20,15,0.07,24,1001;1002;1003;1004;1005;1006;1007;1008;1009;1010,10,1,21.65,21,22.7,217,20.45,19.7,21.9,205.3,-7.5,-8.3,-6.5,-75,-25.729,-28.328,-22.26,-256.828,-10.7,-11.6,-9.1,-106.1,4.65,4.6,4.8,46.6,0.441,0.438,0.453,4.425,17382.5,17201,18090,174813,16029.5,15816,16658,160923,92,91.5,92.8,920.4,4,4,4,40,4,4,4,40,0,0,0,0,706,697,717,7065,100,100,100,1000,0.563,0.555,0.571,5.63,0,0,0,0,0,0,0,0,5503.5,5359,5581,54993,185.227,173.864,194.318,1852.273
t2_8_2_3|A=25|B=15|S=0.05|D=24,candidate,t2_8_2_3,25,15,0.05,24,1001;1002;1003;1004;1005;1006;1007;1008;1009;1010,10,1,20.25,19.6,20.7,202.2,19.3,19,19.7,193.2,-9,-9.5,-8.5,-89.8,-30.769,-32.646,-29.21,-307.542,-11.8,-12.2,-11.4,-118.2,4.65,4.6,4.8,46.7,0.441,0.438,0.453,4.435,17391.5,17199,18118,174966,15725,15609,16414,158321,90.6,89.9,91.1,904.9,4,4,4,40,4,4,4,40,0,0,0,0,706,697,717,7065,100,100,100,1000,0.563,0.555,0.571,5.63,0,0,0,0,0,0,0,0,5693.5,5547,5769,56813,202.273,196.591,207.955,2020.455
t2_8_2_3|A=20|B=25|S=0.03|D=12,candidate,t2_8_2_3,20,25,0.03,12,1001;1002;1003;1004;1005;1006;1007;1008;1009;1010,10,1,19.4,19,19.6,193.7,19,18.9,19.2,190.2,-9.8,-10.3,-9.5,-98.3,-33.562,-35.154,-32.646,-336.632,-12.15,-12.3,-11.9,-121.2,4.65,4.5,4.8,46.4,0.441,0.429,0.457,4.406,17354,16745,17662,172613,15986.5,15504,16462,159880,92.7,92.1,93.2,926.3,6,6,6,60,6,5,6,58,0,0,0,0,704,697,715,7050,100,100,100,1000,0.838,0.711,0.853,8.157,0,0,0,0,0,0,0,0,4706.5,4590,4744,46830,211.364,207.955,217.045,2117.045
t2_8_2_3|A=25|B=10|S=0.03|D=16,candidate,t2_8_2_3,25,10,0.03,16,1001;1002;1003;1004;1005;1006;1007;1008;1009;1010,10,1,19.1,19,19.5,191.4,18.9,18.9,19,189.1,-10.1,-10.3,-9.7,-100.6,-34.648,-35.154,-33.333,-344.517,-12.25,-12.4,-12,-122.3,4.7,4.5,4.8,46.6,0.443,0.429,0.457,4.426,15719.5,15243,15986,156660,14386.5,13800,14567,142694,91.05,90.2,91.8,911,6,6,7,61,6,6,7,61,0,0,0,0,702.5,692,713,7030,100,100,100,1000,0.847,0.834,0.992,8.604,0,0,0,0,0,0,0,0,5310,5192,5549,53222,214.773,210.227,217.045,2143.182
t2_8_2_3|A=15|B=20|S=0.03|D=16,candidate,t2_8_2_3,15,20,0.03,16,1001;1002;1003;1004;1005;1006;1007;1008;1009;1010,10,1,19,18.9,19.2,190.1,18.85,18.8,18.9,188.5,-10.2,-10.4,-10,-101.9,-34.992,-35.495,-34.364,-348.968,-12.3,-12.4,-12.1,-122.9,4.7,4.6,4.9,47,0.443,0.438,0.467,4.464,16358,15968,17211,164267,15783,15463,16641,158655,96.6,96.2,96.9,965.7,6,6,6,60,6,6,6,60,0,0,0,0,703.5,694,714,7036,100,100,100,1000,0.846,0.833,0.857,8.456,0,0,0,0,26,0,48,260,4989.5,4903,5086,49869,215.909,213.636,218.182,2157.955
t2_8_2_3|A=15|B=15|S=0.03|D=16,candidate,t2_8_2_3,15,15,0.03,16,1001;1002;1003;1004;1005;1006;1007;1008;1009;1010,10,1,19,18.9,19.2,190.2,18.9,18.8,18.9,188.6,-10.2,-10.4,-10,-101.8,-34.932,-35.495,-34.364,-348.626,-12.25,-12.4,-12.1,-122.8,4.7,4.7,4.8,47.4,0.448,0.443,0.457,4.501,15865.5,15675,16147,158950,15364,15233,15654,154157,96.95,96.7,97.3,969.8,6,6,6,60,6,6,6,60,0,0,0,0,703,694,714,7038,100,100,100,1000,0.846,0.833,0.857,8.454,0,0,0,0,26,0,53,266,5207,5099,5339,52061,215.909,213.636,218.182,2156.818
t2_8_2_3|A=15|B=25|S=0.05|D=16,candidate,t2_8_2_3,15,25,0.05,16,1001;1002;1003;1004;1005;1006;1007;1008;1009;1010,10,1,21.95,21.1,22.7,218.9,19.2,19,19.5,192.2,-7.2,-8.1,-6.4,-73.1,-24.7,-27.74,-21.993,-250.31,-12,-12.2,-11.6,-119.2,4.75,4.7,4.9,47.6,0.45,0.443,0.467,4.52,17809,17649,18167,178271,16621,16398,16957,166182,93.3,92.8,93.5,932.2,6,6,6,60,6,6,6,60,0,0,0,0,705,697,716,7059,100,100,100,1000,0.844,0.831,0.853,8.429,0,0,0,0,21.5,0,44,225,4612.5,4463,4678,45946,181.818,172.727,192.045,1830.682
t2_8_2_3|A=20|B=10|S=0.03|D=16,candidate,t2_8_2_3,20,10,0.03,16,1001;1002;1003;1004;1005;1006;1007;1008;1009;1010,10,1,19,18.9,19.3,190.2,18.85,18.8,18.9,188.5,-10.2,-10.4,-10,-101.8,-34.932,-35.495,-34.13,-348.628,-12.3,-12.4,-12.1,-122.9,4.75,4.7,5,48.1,0.452,0.443,0.476,4.568,15430.5,15001,15916,155314,14651,14303,15265,147751,95.05,94.6,95.9,951,6,6,6,60,6,6,6,60,0,0,0,0,701.5,692,714,7025,100,100,100,1000,0.848,0.833,0.86,8.469,0,0,0,0,0,0,0,0,5313,5192,5459,53047,215.909,213.636,218.182,2156.818
t2_8_2_3|A=15|B=25|S=0.03|D=12,candidate,t2_8_2_3,15,25,0.03,12,1001;1002;1003;1004;1005;1006;1007;1008;1009;1010,10,1,19.15,19,19.6,192.2,19,18.9,19,189.6,-10,-10.3,-9.6,-99.8,-34.247,-35.154,-32.877,-341.772,-12.2,-12.3,-12,-121.8,4.8,4.7,4.9,48.1,0.455,0.448,0.467,4.568,17351,16753,17613,172389,16481.5,15994,16753,164242,95.35,95,95.5,952.9,6,6,6,60,6,5,6,58,0,0,0,0,704,696,715,7049,100,100,100,1000,0.838,0.711,0.855,8.158,0,0,0,0,26,0,48,260,4796,4719,4877,47989,213.636,209.091,217.045,2134.091
t2_8_2_3|A=20|B=20|S=0.07|D=24,candidate,t2_8_2_3,20,20,0.07,24,1001;1002;1003;1004;1005;1006;1007;1008;1009;1010,10,1,22.75,21.2,23.6,226.7,21.35,20.3,26.5,224.2,-6.4,-8.1,-5.6,-65.3,-21.993,-27.645,-19.178,-223.6,-9.8,-11,-4.7,-87.2,4.8,4.7,4.9,48.2,0.457,0.448,0.467,4.578,18829.5,18626,19105,188322,17129,16895,17436,171483,91.1,90.5,91.4,910.6,4,4,4,40,4,4,4,40,0,0,0,0,708.5,699,719,7088,100,100,100,1000,0.561,0.553,0.569,5.612,0,0,0,0,0,0,0,0,5109.5,4920,5145,50886,172.727,163.636,192.045,1742.045
t2_8_2_3|A=20|B=15|S=0.05|D=24,candidate,t2_8_2_3,20,15,0.05,24,1001;1002;1003;1004;1005;1006;1007;1008;1009;1010,10,1,19.5,19.1,19.8,194.7,19.1,19,19.4,191.3,-9.7,-10.1,-9.4,-97.3,-33.219,-34.471,-32.192,-333.218,-12.05,-12.2,-11.7,-120.1,4.8,4.8,5,48.4,0.457,0.457,0.472,4.596,17382,17200,18091,174809,16357.5,16144,17010,164325,93.95,93.6,94.6,940,4,4,4,40,4,4,4,40,0,0,0,0,706,697,717,7065,100,100,100,1000,0.563,0.555,0.571,5.63,0,0,0,0,0,0,0,0,5701,5555,5780,56931,210.227,206.818,214.773,2105.682
t2_8_2_3|A=15|B=15|S=0.07|D=24,candidate,t2_8_2_3,15,15,0.07,24,1001;1002;1003;1004;1005;1006;1007;1008;1009;1010,10,1,20.75,20.4,21.5,207.9,19.5,19.2,19.7,194.7,-8.45,-8.8,-7.6,-84.1,-28.938,-30.137,-26.117,-287.997,-11.7,-12.1,-11.3,-116.7,4.8,4.7,5,48.3,0.457,0.448,0.472,4.587,17382,17199,18077,174814,16424.5,16249,17088,165129,94.5,94.2,94.8,944.7,4,4,4,40,4,4,4,40,0,0,0,0,706,697,717,7065,100,100,100,1000,0.563,0.555,0.571,5.63,0,0,0,0,20,0,46,213,5598.5,5432,5721,55954,196.023,186.364,200,1955.682
t2_8_2_3|A=20|B=25|S=0.03|D=16,candidate,t2_8_2_3,20,25,0.03,16,1001;1002;1003;1004;1005;1006;1007;1008;1009;1010,10,1,19.4,18.9,19.6,193.5,19,18.9,19.3,190.2,-9.75,-10.4,-9.6,-98.5,-33.39,-35.495,-32.877,-337.318,-12.2,-12.3,-11.8,-121.2,4.8,4.7,4.9,47.9,0.457,0.443,0.467,4.549,17777.5,17639,18166,178128,16552,16286,16900,165370,92.9,92.2,93.3,928.2,6,6,6,60,6,6,6,60,0,0,0,0,705,696,716,7058,100,100,100,1000,0.844,0.831,0.855,8.43,0,0,0,0,0,0,0,0,4694.5,4595,4845,47025,210.795,209.091,218.182,2119.318
t2_8_2_3|A=15|B=10|S=0.03|D=12,candidate,t2_8_2_3,15,10,0.03,12,1001;1002;1003;1004;1005;1006;1007;1008;1009;1010,10,1,18.9,18.8,19.1,189.3,18.8,18.8,18.9,188.2,-10.3,-10.5,-10,-102.7,-35.274,-35.836,-34.364,-351.703,-12.35,-12.5,-12.1,-123.2,4.8,4.8,4.9,48.4,0.457,0.453,0.467,4.596,14996.5,14821,15076,149535,14522,14387,14676,145066,97,96.7,97.4,970.1,6,6,6,60,6,6,6,60,0,0,0,0,701,692,712,7015,100,100,100,1000,0.849,0.836,0.86,8.481,0,0,0,0,45,0,306,722,5297.5,5192,5368,52876,217.045,213.636,219.318,2167.045
t2_8_2_3|A=15|B=10|S=0.05|D=16,candidate,t2_8_2_3,15,10,0.05,16,1001;1002;1003;1004;1005;1006;1007;1008;1009;1010,10,1,19,19,19.4,190.9,18.8,18.8,19,188.5,-10.2,-10.3,-9.8,-101.1,-34.932,-35.154,-33.677,-346.227,-12.3,-12.5,-12,-122.9,4.85,4.6,5,48.1,0.458,0.438,0.476,4.568,15584,14979,15905,155391,14959,14435,15345,149316,96,95.9,96.5,961,6,6,6,60,6,6,6,60,0,0,0,0,701.5,692,714,7027,100,100,100,1000,0.848,0.833,0.86,8.467,0,0,0,0,41,0,301,673,5306,5174,5547,53146,215.909,211.364,217.045,2148.864
t2_8_2_3|A=25|B=15|S=0.03|D=24,candidate,t2_8_2_3,25,15,0.03,24,1001;1002;1003;1004;1005;1006;1007;1008;1009;1010,10,1,19.1,19,19.8,192,18.9,18.8,19,189.1,-10.1,-10.3,-9.5,-100,-34.589,-35.154,-32.423,-342.467,-12.25,-12.4,-12,-122.3,4.85,4.8,5,48.7,0.46,0.457,0.472,4.625,17392.5,17199,18119,174966,15995.5,15835,16645,160871,92.1,91.2,92.5,919.5,4,4,4,40,4,4,4,40,0,0,0,0,706,697,717,7065,100,100,100,1000,0.563,0.555,0.571,5.63,0,0,0,0,0,0,0,0,5821,5677,5910,58152,214.773,207.955,217.045,2136.364
t2_8_2_3|A=20|B=10|S=0.07|D=24,candidate,t2_8_2_3,20,10,0.07,24,1001;1002;1003;1004;1005;1006;1007;1008;1009;1010,10,1,20,19.4,20.5,199.6,19.6,19.3,20,196,-9.25,-9.8,-8.8,-92.4,-31.624,-33.562,-30.034,-316.439,-11.55,-11.9,-11.1,-115.4,4.85,4.8,4.9,48.5,0.46,0.457,0.467,4.606,17004.5,16851,17183,170348,15756,15614,16016,157841,92.6,92.2,93.4,926.5,4,4,4,40,4,4,4,40,0,0,0,0,706,697,717,7065,100,100,100,1000,0.563,0.555,0.571,5.63,0,0,0,0,0,0,0,0,5921.5,5747,6003,59199,205.114,200,211.364,2050
t2_8_2_3|A=25|B=20|S=0.05|D=24,candidate,t2_8_2_3,25,20,0.05,24,1001;1002;1003;1004;1005;1006;1007;1008;1009;1010,10,1,21.85,20.2,22.6,217.3,19.9,19.4,20.9,199.2,-7.45,-9,-6.5,-74.7,-25.427,-30.822,-22.337,-255.815,-11.2,-11.9,-10.3,-112.2,4.9,4.8,5,48.7,0.462,0.457,0.472,4.625,18829.5,18618,19117,188404,16961.5,16719,17271,169642,90,89.6,90.5,900.2,4,4,4,40,4,4,4,40,0,0,0,0,708,699,720,7088,100,100,100,1000,0.562,0.552,0.569,5.612,0,0,0,0,0,0,0,0,5332,5192,5414,53300,184.659,173.864,202.273,1848.864
t2_8_2_3|A=25|B=10|S=0.05|D=24,candidate,t2_8_2_3,25,10,0.05,24,1001;1002;1003;1004;1005;1006;1007;1008;1009;1010,10,1,19.35,19.2,19.6,194,19.05,18.9,19.3,190.8,-9.8,-10.1,-9.5,-98,-33.677,-34.471,-32.646,-335.611,-12.05,-12.3,-11.9,-120.6,4.9,4.8,5,48.8,0.462,0.457,0.476,4.634,17022.5,16888,17195,170588,15439,15306,15661,154690,90.65,90,91.3,906.7,4,4,4,40,4,4,4,40,0,0,0,0,706,697,717,7065,100,100,100,1000,0.563,0.555,0.571,5.63,0,0,0,0,0,0,0,0,6001,5827,6047,59895,211.364,207.955,214.773,2113.636
t2_8_2_3|A=20|B=20|S=0.07|D=32,candidate,t2_8_2_3,20,20,0.07,32,1001;1002;1003;1004;1005;1006;1007;1008;1009;1010,10,1,22.75,21.3,23.7,226.7,21.35,20.5,26.6,224.6,-6.4,-8,-5.5,-65.3,-21.993,-27.304,-18.836,-223.602,-9.8,-10.8,-4.6,-86.8,4.9,4.8,5.1,49.2,0.467,0.457,0.481,4.672,19091.5,18823,20001,192310,17441.5,17141,18257,175451,91.25,90.7,91.7,912.4,4,4,4,40,4,4,4,40,0,0,0,0,708,699,719,7087,100,100,100,1000,0.562,0.553,0.569,5.613,0,0,0,0,0,0,0,0,5083.5,4969,5133,50745,172.727,162.5,190.909,1742.045
t2_8_2_3|A=25|B=20|S=0.05|D=32,candidate,t2_8_2_3,25,20,0.05,32,1001;1002;1003;1004;1005;1006;1007;1008;1009;1010,10,1,21.75,20.2,22.5,215.6,19.85,19.3,21,199.2,-7.5,-9,-6.6,-76.4,-25.641,-30.822,-22.68,-261.626,-11.25,-12,-10.2,-112.2,4.9,4.8,5.3,49.8,0.467,0.457,0.5,4.729,19092,18822,20219,192682,17227,17019,18395,174005,90.25,89.8,91,903,4,4,4,40,4,4,4,40,0,0,0,0,708,699,720,7088,100,100,100,1000,0.562,0.552,0.569,5.612,0,0,0,0,0,0,0,0,5329.5,5240,5408,53309,185.227,175,202.273,1868.182
t2_8_2_3|A=15|B=10|S=0.1|D=32,candidate,t2_8_2_3,15,10,0.1,32,1001;1002;1003;1004;1005;1006;1007;1008;1009;1010,10,1,23.15,21.6,23.8,230.9,31.15,23.1,41.5,330.9,-5.95,-7.7,-5.3,-61.1,-20.447,-26.28,-18.213,-209.204,0,-8,10.3,19.5,4.9,4.8,5.1,49.3,0.467,0.457,0.486,4.682,17569,17085,18064,176130,16210.5,15778,16738,162735,92.35,92,92.9,923.9,4,4,4,40,4,4,4,40,0,0,0,0,706,697,718,7066,100,100,100,1000,0.563,0.554,0.571,5.63,0,0,0,0,19.5,0,119,328,5753,5547,5797,57306,167.614,160.227,187.5,1694.318
t2_8_2_3|A=15|B=15|S=0.05|D=24,candidate,t2_8_2_3,15,15,0.05,24,1001;1002;1003;1004;1005;1006;1007;1008;1009;1010,10,1,19.15,18.9,19.4,191.6,19,18.9,19.1,190,-10.05,-10.4,-9.8,-100.4,-34.418,-35.495,-33.677,-343.83,-12.15,-12.3,-11.9,-121.4,4.95,4.9,5.1,49.7,0.469,0.467,0.481,4.72,17382,17200,18075,174806,16696.5,16516,17361,168008,96.05,95.9,96.4,961,4,4,4,40,4,4,4,40,0,0,0,0,706,697,717,7065,100,100,100,1000,0.563,0.555,0.571,5.63,0,0,0,0,22,0,49,231,5753,5646,5887,57623,214.205,211.364,218.182,2140.909
t2_8_2_3|A=15|B=25|S=0.03|D=16,candidate,t2_8_2_3,15,25,0.03,16,1001;1002;1003;1004;1005;1006;1007;1008;1009;1010,10,1,19.15,18.9,19.5,191.6,18.9,18.8,19.1,189.3,-10.1,-10.4,-9.7,-100.4,-34.471,-35.495,-33.219,-343.826,-12.25,-12.3,-12,-122.1,4.95,4.9,5.1,49.6,0.469,0.462,0.486,4.71,17808,17650,18166,178267,17005,16796,17340,170106,95.5,95.1,95.7,954.2,6,6,6,60,6,6,6,60,0,0,0,0,705,697,716,7059,100,100,100,1000,0.844,0.831,0.853,8.429,0,0,0,0,26,0,48,260,4858.5,4712,4967,48409,214.773,210.227,218.182,2140.909
t2_8_2_3|A=15|B=10|S=0.03|D=16,candidate,t2_8_2_3,15,10,0.03,16,1001;1002;1003;1004;1005;1006;1007;1008;1009;1010,10,1,18.9,18.9,19,189.4,18.8,18.8,18.9,188.1,-10.3,-10.4,-10.1,-102.6,-35.214,-35.495,-34.708,-351.365,-12.35,-12.5,-12.2,-123.3,5,4.9,5.2,50.1,0.474,0.462,0.495,4.758,15584.5,14979,15906,155391,15110,14591,15504,150906,97.1,96.8,97.5,971.1,6,6,6,60,6,6,6,60,0,0,0,0,701.5,692,714,7027,100,100,100,1000,0.848,0.833,0.86,8.467,0,0,0,0,45,0,306,722,5313.5,5192,5553,53234,217.045,214.773,218.182,2165.909
t2_8_2_3|A=20|B=20|S=0.05|D=24,candidate,t2_8_2_3,20,20,0.05,24,1001;1002;1003;1004;1005;1006;1007;1008;1009;1010,10,1,20.85,19.4,22,207.8,19.3,19,19.7,193.3,-8.4,-9.8,-7.2,-84.2,-28.719,-33.562,-24.658,-288.377,-11.8,-12.2,-11.4,-118.1,5,4.9,5.1,50.2,0.476,0.467,0.486,4.767,18828.5,18624,19107,188313,17567,17341,17818,175775,93.4,92.9,93.7,933.3,4,4,4,40,4,4,4,40,0,0,0,0,708.5,699,719,7088,100,100,100,1000,0.561,0.553,0.569,5.612,0,0,0,0,0,0,0,0,5374.5,5200,5406,53615,195.455,181.818,211.364,1956.818
t2_8_2_3|A=20|B=15|S=0.03|D=24,candidate,t2_8_2_3,20,15,0.03,24,1001;1002;1003;1004;1005;1006;1007;1008;1009;1010,10,1,19,18.9,19.4,190.5,18.9,18.8,19,188.8,-10.2,-10.4,-9.9,-101.5,-34.932,-35.495,-33.788,-347.597,-12.3,-12.4,-12.1,-122.6,5,4.9,5.2,50.3,0.476,0.467,0.491,4.777,17382,17199,18094,174822,16605.5,16401,17260,166979,95.45,95.2,96.1,955.2,4,4,4,40,4,4,4,40,0,0,0,0,706,697,717,7065,100,100,100,1000,0.563,0.555,0.571,5.63,0,0,0,0,0,0,0,0,5819,5680,5911,58220,215.909,212.5,218.182,2153.409
t2_8_2_3|A=20|B=10|S=0.05|D=24,candidate,t2_8_2_3,20,10,0.05,24,1001;1002;1003;1004;1005;1006;1007;1008;1009;1010,10,1,19.2,19.2,19.6,193.2,18.95,18.9,19.1,189.7,-9.9,-10.1,-9.6,-98.8,-34.021,-34.471,-32.877,-338.353,-12.2,-12.3,-12,-121.7,5,5,5.1,50.4,0.476,0.476,0.486,4.786,17005,16850,17184,170347,16030.5,15913,16285,160695,94.35,93.9,95,943.4,4,4,4,40,4,4,4,40,0,0,0,0,706,697,717,7065,100,100,100,1000,0.563,0.555,0.571,5.63,0,0,0,0,0,0,0,0,6004.5,5837,6072,60000,212.5,209.091,214.773,2122.727
t2_8_2_3|A=15|B=20|S=0.07|D=24,candidate,t2_8_2_3,15,20,0.07,24,1001;1002;1003;1004;1005;1006;1007;1008;1009;1010,10,1,22.35,21.3,22.8,222.4,19.85,19.5,20.3,198.7,-6.85,-8,-6.4,-69.6,-23.459,-27.304,-21.918,-238.329,-11.35,-11.8,-10.8,-112.7,5,4.9,5.1,50.2,0.476,0.467,0.486,4.767,18829.5,18627,19102,188269,17575,17398,17912,176131,93.5,93.1,93.9,935.4,4,4,4,40,4,4,4,40,0,0,0,0,708.5,699,720,7088,100,100,100,1000,0.561,0.552,0.569,5.612,0,0,0,0,20,0,41,207,5236.5,5051,5412,52493,177.841,172.727,190.909,1790.909
t2_8_2_3|A=20|B=15|S=0.07|D=32,candidate,t2_8_2_3,20,15,0.07,32,1001;1002;1003;1004;1005;1006;1007;1008;1009;1010,10,1,21.9,21,22.7,219.1,20.5,19.8,21.9,205,-7.3,-8.3,-6.5,-72.9,-25.003,-28.328,-22.26,-249.632,-10.7,-11.5,-9.1,-106.4,5.05,4.9,5.1,50.3,0.479,0.467,0.486,4.777,18796,18514,19241,188296,17483.5,17114,17809,174420,92.6,92,93.2,926.3,4,4,4,40,4,4,4,40,0,0,0,0,708.5,700,719,7089,100,100,100,1000,0.561,0.553,0.568,5.611,0,0,0,0,0,0,0,0,5520,5419,5637,55336,182.955,173.864,194.318,1828.409
t2_8_2_3|A=25|B=20|S=0.03|D=24,candidate,t2_8_2_3,25,20,0.03,24,1001;1002;1003;1004;1005;1006;1007;1008;1009;1010,10,1,19.15,19,19.6,192.1,19,18.8,19.1,189.8,-10.1,-10.2,-9.6,-99.9,-34.471,-34.932,-32.99,-342.123,-12.2,-12.4,-11.9,-121.6,5.05,5,5.2,50.6,0.479,0.476,0.491,4.805,18742.5,18621,19119,188065,17283,17073,17626,173004,92.05,91.5,92.5,920,4,4,4,40,4,4,4,40,0,0,0,0,708,699,720,7087,100,100,100,1000,0.562,0.552,0.569,5.613,0,0,0,0,0,0,0,0,5566,5392,5652,55579,214.773,209.091,215.909,2135.227
t2_8_2_3|A=20|B=10|S=0.07|D=32,candidate,t2_8_2_3,20,10,0.07,32,1001;1002;1003;1004;1005;1006;1007;1008;1009;1010,10,1,19.9,19.4,20.7,199.8,19.6,19.3,20.1,196.4,-9.25,-9.8,-8.6,-92.2,-31.732,-33.562,-29.352,-315.75,-11.5,-11.9,-11,-115,5.05,4.9,5.2,50.3,0.479,0.467,0.491,4.777,17656,17089,18068,176177,16401,15843,16884,163657,92.8,92.3,93.7,928.8,4,4,4,40,4,4,4,40,0,0,0,0,706,697,718,7067,100,100,100,1000,0.563,0.554,0.571,5.629,0,0,0,0,0,0,0,0,5930.5,5747,5992,59214,205.114,197.727,211.364,2047.727
t2_8_2_3|A=25|B=10|S=0.05|D=32,candidate,t2_8_2_3,25,10,0.05,32,1001;1002;1003;1004;1005;1006;1007;1008;1009;1010,10,1,19.4,19.2,19.8,194.3,19.1,18.9,19.3,190.9,-9.8,-10.1,-9.4,-97.7,-33.562,-34.471,-32.192,-334.586,-12.1,-12.3,-11.8,-120.5,5.05,4.9,5.4,50.7,0.479,0.467,0.509,4.815,17686,17109,18610,177336,16072,15484,17095,161438,91,90.2,91.9,910.3,4,4,4,40,4,4,4,40,0,0,0,0,706,697,718,7067,100,100,100,1000,0.563,0.554,0.571,5.629,0,0,0,0,0,0,0,0,5998.5,5828,6047,59889,211.364,206.818,214.773,2110.227
t2_8_2_3|A=15|B=10|S=0.07|D=24,candidate,t2_8_2_3,15,10,0.07,24,1001;1002;1003;1004;1005;1006;1007;1008;1009;1010,10,1,19.4,19.2,19.7,194.2,19.15,19.1,19.5,192.2,-9.85,-10,-9.5,-97.8,-33.675,-34.13,-32.646,-334.929,-11.95,-12.2,-11.5,-119.2,5.05,5,5.1,50.5,0.479,0.472,0.486,4.796,17000.5,16843,17159,170291,16154.5,16030,16346,161857,95,94.9,95.3,950.6,4,4,4,40,4,4,4,40,0,0,0,0,706,697,717,7065,100,100,100,1000,0.563,0.555,0.571,5.63,0,0,0,0,39.5,0,205,561,5959.5,5777,6024,59498,211.932,207.955,213.636,2111.364
t2_8_2_3|A=25|B=15|S=0.05|D=32,candidate,t2_8_2_3,25,15,0.05,32,1001;1002;1003;1004;1005;1006;1007;1008;1009;1010,10,1,20.25,19.6,20.7,202,19.25,19.1,19.8,193.3,-8.95,-9.6,-8.5,-90,-30.652,-32.877,-29.21,-308.228,-11.85,-12,-11.3,-118.1,5.1,4.9,5.2,50.6,0.481,0.467,0.491,4.805,18796,18546,19239,188433,17191,16834,17566,171727,91.15,90.5,91.8,911.3,4,4,4,40,4,4,4,40,0,0,0,0,708.5,700,719,7089,100,100,100,1000,0.561,0.553,0.568,5.611,0,0,0,0,0,0,0,0,5735.5,5575,5823,57196,201.705,196.591,209.091,2022.727
t2_8_2_3|A=25|B=10|S=0.03|D=24,candidate,t2_8_2_3,25,10,0.03,24,1001;1002;1003;1004;1005;1006;1007;1008;1009;1010,10,1,19.1,18.9,19.5,191.2,18.9,18.8,19,188.9,-10.15,-10.4,-9.7,-100.8,-34.701,-35.495,-33.333,-345.202,-12.3,-12.4,-12,-122.5,5.1,5,5.2,50.9,0.483,0.476,0.495,4.834,17023,16888,17196,170591,15652,15514,15871,156773,91.95,91.2,92.5,919,4,4,4,40,4,4,4,40,0,0,0,0,706,697,717,7065,100,100,100,1000,0.563,0.555,0.571,5.63,0,0,0,0,0,0,0,0,6020,5870,6089,60199,215.341,210.227,218.182,2145.455
t2_8_2_3|A=20|B=20|S=0.05|D=32,candidate,t2_8_2_3,20,20,0.05,32,1001;1002;1003;1004;1005;1006;1007;1008;1009;1010,10,1,20.75,19.4,21.8,207.3,19.25,19.1,19.6,193.3,-8.5,-9.8,-7.5,-84.7,-29.06,-33.562,-25.597,-290.086,-11.85,-12.1,-11.4,-118.1,5.1,5,5.3,51.2,0.486,0.476,0.5,4.862,19089.5,18823,20003,192311,17864,17594,18696,179800,93.5,93,93.9,934.8,4,4,4,40,4,4,4,40,0,0,0,0,708,699,719,7087,100,100,100,1000,0.562,0.553,0.569,5.613,0,0,0,0,0,0,0,0,5356.5,5249,5428,53552,196.591,185.227,211.364,1962.5
t2_8_2_3|A=25|B=20|S=0.03|D=32,candidate,t2_8_2_3,25,20,0.03,32,1001;1002;1003;1004;1005;1006;1007;1008;1009;1010,10,1,19.2,19,19.6,192.4,19,18.9,19.1,189.8,-10.05,-10.2,-9.5,-99.6,-34.418,-34.932,-32.646,-341.091,-12.2,-12.3,-12,-121.6,5.1,5.1,5.5,51.9,0.486,0.481,0.519,4.928,19092,18822,20221,192679,17574,17390,18726,177587,92.15,91.6,92.7,921.6,4,4,4,40,4,4,4,40,0,0,0,0,708,699,720,7088,100,100,100,1000,0.562,0.552,0.569,5.612,0,0,0,0,0,0,0,0,5561.5,5440,5648,55601,214.205,207.955,215.909,2131.818
t2_8_2_3|A=15|B=20|S=0.07|D=32,candidate,t2_8_2_3,15,20,0.07,32,1001;1002;1003;1004;1005;1006;1007;1008;1009;1010,10,1,22.35,21.3,22.8,222.6,20,19.4,20.3,199,-6.85,-8,-6.4,-69.4,-23.459,-27.304,-21.918,-237.646,-11.2,-11.9,-10.8,-112.4,5.1,5,5.3,51.2,0.486,0.472,0.5,4.862,19089,18824,20004,192310,17902,17599,18715,180165,93.6,93.5,94.1,936.9,4,4,4,40,4,4,4,40,0,0,0,0,708,699,719,7087,100,100,100,1000,0.562,0.553,0.569,5.613,0,0,0,0,20,0,41,207,5221.5,5192,5303,52308,177.841,172.727,190.909,1788.636
t2_8_2_3|A=15|B=15|S=0.03|D=24,candidate,t2_8_2_3,15,15,0.03,24,1001;1002;1003;1004;1005;1006;1007;1008;1009;1010,10,1,19,18.9,19.2,190.2,18.8,18.8,18.9,188.3,-10.2,-10.4,-10,-101.8,-34.932,-35.495,-34.364,-348.623,-12.3,-12.4,-12.2,-123.1,5.1,5.1,5.3,51.5,0.486,0.486,0.5,4.891,17381,17242,18083,174941,16897,16824,17560,170168,97.2,97,97.6,972.7,4,4,4,40,4,4,4,40,0,0,0,0,706,697,717,7065,100,100,100,1000,0.563,0.555,0.571,5.63,0,0,0,0,26,0,53,266,5844.5,5763,5988,58606,215.909,213.636,218.182,2156.818
t2_8_2_3|A=15|B=20|S=0.05|D=24,candidate,t2_8_2_3,15,20,0.05,24,1001;1002;1003;1004;1005;1006;1007;1008;1009;1010,10,1,19.75,19.2,20.2,198,19.15,18.9,19.4,191.4,-9.45,-10,-9,-94,-32.363,-34.247,-30.822,-321.906,-12,-12.3,-11.7,-120,5.2,5.1,5.3,51.9,0.491,0.486,0.505,4.929,18827.5,18623,19103,188257,17953.5,17782,18274,179795,95.5,95.3,95.8,955,4,4,4,40,4,4,4,40,0,0,0,0,708.5,699,720,7088,100,100,100,1000,0.561,0.552,0.569,5.612,0,0,0,0,21.5,0,44,225,5480.5,5312,5662,54962,207.386,202.273,213.636,2068.182
t2_8_2_3|A=15|B=15|S=0.07|D=32,candidate,t2_8_2_3,15,15,0.07,32,1001;1002;1003;1004;1005;1006;1007;1008;1009;1010,10,1,20.95,20.1,21.6,209.1,19.5,19.2,19.8,194.9,-8.25,-9,-7.6,-82.9,-28.252,-30.928,-26.117,-283.904,-11.65,-12.1,-11.3,-116.5,5.2,5.1,5.3,51.9,0.493,0.486,0.505,4.929,18774,18513,19212,188215,17838.5,17565,18222,178504,94.9,94.6,95.1,948.6,4,4,4,40,4,4,4,40,0,0,0,0,708.5,700,719,7089,100,100,100,1000,0.561,0.553,0.568,5.611,0,0,0,0,20,0,46,213,5641.5,5532,5872,56638,193.75,186.364,202.273,1942.045
t2_8_2_3|A=20|B=20|S=0.03|D=24,candidate,t2_8_2_3,20,20,0.03,24,1001;1002;1003;1004;1005;1006;1007;1008;1009;1010,10,1,19,18.9,19.4,190.3,18.9,18.8,19,188.8,-10.2,-10.4,-9.8,-101.7,-34.932,-35.495,-33.677,-348.283,-12.3,-12.4,-12.1,-122.6,5.2,5.2,5.3,52.3,0.495,0.491,0.505,4.967,18772.5,18624,19104,187968,17922.5,17715,18193,179122,95.2,94.9,95.8,952.8,4,4,4,40,4,4,4,40,0,0,0,0,708.5,699,719,7087,100,100,100,1000,0.561,0.553,0.569,5.613,0,0,0,0,0,0,0,0,5586,5395,5636,55654,215.909,211.364,218.182,2155.682
t2_8_2_3|A=20|B=15|S=0.05|D=32,candidate,t2_8_2_3,20,15,0.05,32,1001;1002;1003;1004;1005;1006;1007;1008;1009;1010,10,1,19.5,19.2,19.8,194.7,19.1,19,19.5,191.3,-9.75,-10,-9.5,-97.3,-33.333,-34.13,-32.423,-333.218,-12.05,-12.2,-11.6,-120.1,5.2,5.1,5.3,52,0.495,0.486,0.505,4.938,18795.5,18513,19240,188292,17808.5,17472,18159,177790,94.4,94,94.9,944.4,4,4,4,40,4,4,4,40,0,0,0,0,708.5,700,719,7089,100,100,100,1000,0.561,0.553,0.568,5.611,0,0,0,0,0,0,0,0,5729.5,5600,5827,57290,210.795,207.955,213.636,2105.682
t2_8_2_3|A=15|B=10|S=0.07|D=32,candidate,t2_8_2_3,15,10,0.07,32,1001;1002;1003;1004;1005;1006;1007;1008;1009;1010,10,1,19.4,19.2,19.7,194.3,19.2,19,19.5,192.2,-9.8,-9.9,-9.5,-97.7,-33.619,-34.021,-32.534,-334.587,-11.95,-12.2,-11.6,-119.2,5.2,5.1,5.4,52.2,0.495,0.486,0.509,4.957,17578,17086,18067,176149,16735.5,16236,17256,167728,95.15,95,95.6,952.1,4,4,4,40,4,4,4,40,0,0,0,0,706,697,718,7066,100,100,100,1000,0.563,0.554,0.571,5.63,0,0,0,0,39.5,0,205,561,5959.5,5778,6023,59488,211.364,207.955,212.5,2110.227
t2_8_2_3|A=20|B=10|S=0.05|D=32,candidate,t2_8_2_3,20,10,0.05,32,1001;1002;1003;1004;1005;1006;1007;1008;1009;1010,10,1,19.25,19.1,19.6,193,19,18.8,19.1,189.7,-9.9,-10.1,-9.6,-99,-33.962,-34.471,-32.877,-339.04,-12.2,-12.4,-12,-121.7,5.25,5.1,5.4,52.3,0.498,0.486,0.509,4.967,17651,17090,18068,176169,16692.5,16113,17153,166499,94.55,94,95.2,945.2,4,4,4,40,4,4,4,40,0,0,0,0,706,697,718,7067,100,100,100,1000,0.563,0.554,0.571,5.629,0,0,0,0,0,0,0,0,6004.5,5836,6070,59987,212.5,209.091,214.773,2125
t2_8_2_3|A=25|B=10|S=0.03|D=32,candidate,t2_8_2_3,25,10,0.03,32,1001;1002;1003;1004;1005;1006;1007;1008;1009;1010,10,1,19.1,18.9,19.5,191.6,18.9,18.8,18.9,188.6,-10.1,-10.4,-9.7,-100.4,-34.53,-35.495,-33.333,-343.832,-12.25,-12.4,-12.1,-122.8,5.25,5.1,5.6,52.7,0.498,0.486,0.528,5.004,17684.5,17111,18612,177340,16296.5,15706,17315,163526,92.25,91.4,93,921.9,4,4,4,40,4,4,4,40,0,0,0,0,706,697,718,7067,100,100,100,1000,0.563,0.554,0.571,5.629,0,0,0,0,0,0,0,0,6021,5870,6089,60193,214.773,210.227,218.182,2140.909
t2_8_2_3|A=15|B=10|S=0.05|D=24,candidate,t2_8_2_3,15,10,0.05,24,1001;1002;1003;1004;1005;1006;1007;1008;1009;1010,10,1,19,18.9,19.4,190.3,18.9,18.8,19,188.8,-10.15,-10.4,-9.9,-101.7,-34.82,-35.495,-33.788,-348.283,-12.25,-12.4,-12,-122.6,5.25,5.2,5.3,52.5,0.498,0.495,0.505,4.986,17001.5,16843,17157,170288,16395.5,16299,16569,164226,96.4,96.2,96.8,964.3,4,4,4,40,4,4,4,40,0,0,0,0,706,697,717,7065,100,100,100,1000,0.563,0.555,0.571,5.63,0,0,0,0,41,0,301,673,6016.5,5849,6079,60123,215.341,212.5,218.182,2155.682
t2_8_2_3|A=25|B=15|S=0.03|D=32,candidate,t2_8_2_3,25,15,0.03,32,1001;1002;1003;1004;1005;1006;1007;1008;1009;1010,10,1,19.05,18.9,19.6,191.5,18.9,18.8,19,189.2,-10.1,-10.4,-9.6,-100.5,-34.589,-35.495,-32.99,-344.175,-12.25,-12.4,-12,-122.2,5.25,5.1,5.4,52.6,0.5,0.486,0.509,4.995,18796,18544,19240,188432,17429.5,17077,17805,174277,92.55,91.8,93,924.8,4,4,4,40,4,4,4,40,0,0,0,0,708.5,700,719,7089,100,100,100,1000,0.561,0.553,0.568,5.611,0,0,0,0,0,0,0,0,5862.5,5728,5957,58584,214.773,209.091,218.182,2142.045
t2_8_2_3|A=20|B=10|S=0.03|D=24,candidate,t2_8_2_3,20,10,0.03,24,1001;1002;1003;1004;1005;1006;1007;1008;1009;1010,10,1,19,18.9,19.4,190.4,18.9,18.8,18.9,188.6,-10.2,-10.4,-9.9,-101.6,-34.932,-35.495,-33.788,-347.941,-12.3,-12.4,-12.1,-122.8,5.3,5.2,5.3,52.7,0.5,0.495,0.505,5.005,17004,16848,17186,170353,16240,16151,16495,162834,95.6,95.1,96.2,956,4,4,4,40,4,4,4,40,0,0,0,0,706,697,717,7065,100,100,100,1000,0.563,0.555,0.571,5.63,0,0,0,0,0,0,0,0,6021,5870,6089,60199,215.909,212.5,218.182,2154.545
t2_8_2_3|A=20|B=25|S=0.05|D=24,candidate,t2_8_2_3,20,25,0.05,24,1001;1002;1003;1004;1005;1006;1007;1008;1009;1010,10,1,23.25,22.3,23.8,230.9,19.4,19.1,19.9,194.7,-5.95,-6.9,-5.5,-61.1,-20.375,-23.63,-18.771,-209.241,-11.75,-12.1,-11.2,-116.7,5.3,5.1,5.8,53.7,0.505,0.486,0.552,5.1,20665,20129,22270,209200,18822,18369,20545,191044,91.3,90.6,92.3,913.2,4,4,4,40,4,4,4,40,0,0,0,0,708.5,701,721,7096,100,100,100,1000,0.561,0.552,0.567,5.606,0,0,0,0,0,0,0,0,5036.5,4814,5099,50205,167.614,162.5,178.409,1694.318
t2_8_2_3|A=20|B=20|S=0.03|D=32,candidate,t2_8_2_3,20,20,0.03,32,1001;1002;1003;1004;1005;1006;1007;1008;1009;1010,10,1,19,18.9,19.4,191,18.9,18.8,19,189.1,-10.15,-10.4,-9.7,-101,-34.82,-35.495,-33.333,-345.882,-12.25,-12.4,-12.1,-122.3,5.3,5.2,5.6,53.3,0.505,0.495,0.528,5.061,19087.5,18822,20001,192305,18220,17928,19066,183451,95.3,95,96,954,4,4,4,40,4,4,4,40,0,0,0,0,708,699,719,7087,100,100,100,1000,0.562,0.553,0.569,5.613,0,0,0,0,0,0,0,0,5569.5,5443,5632,55628,215.341,210.227,218.182,2147.727
t2_8_2_3|A=15|B=20|S=0.05|D=32,candidate,t2_8_2_3,15,20,0.05,32,1001;1002;1003;1004;1005;1006;1007;1008;1009;1010,10,1,19.8,19.2,20.2,198.1,19.1,19,19.4,191.3,-9.4,-10,-9,-93.9,-32.137,-34.247,-30.822,-321.568,-12.05,-12.2,-11.7,-120.1,5.3,5.2,5.5,53.1,0.505,0.491,0.519,5.043,19089.5,18822,20006,192307,18266.5,17994,19110,183882,95.6,95.4,95.9,956.2,4,4,4,40,4,4,4,40,0,0,0,0,708,699,719,7087,100,100,100,1000,0.562,0.553,0.569,5.613,0,0,0,0,21.5,0,44,225,5460.5,5431,5566,54767,206.818,202.273,213.636,2067.045
t2_8_2_3|A=15|B=20|S=0.03|D=24,candidate,t2_8_2_3,15,20,0.03,24,1001;1002;1003;1004;1005;1006;1007;1008;1009;1010,10,1,19,18.9,19.2,190.1,18.9,18.8,19,188.8,-10.2,-10.4,-9.9,-101.9,-34.932,-35.495,-34.021,-348.966,-12.3,-12.4,-12.1,-122.6,5.4,5.3,5.5,53.9,0.509,0.505,0.524,5.119,18827.5,18623,19102,188260,18229,18060,18571,182656,96.95,96.8,97.4,970.3,4,4,4,40,4,4,4,40,0,0,0,0,708.5,699,720,7088,100,100,100,1000,0.561,0.552,0.569,5.612,0,0,0,0,26,0,48,260,5654.5,5500,5873,56870,215.909,212.5,218.182,2157.955
t2_8_2_3|A=15|B=25|S=0.07|D=24,candidate,t2_8_2_3,15,25,0.07,24,1001;1002;1003;1004;1005;1006;1007;1008;1009;1010,10,1,23.45,22.8,24.4,234.1,21.35,19.9,27.9,224.4,-5.75,-6.5,-4.7,-57.9,-19.692,-22.184,-16.151,-198.255,-9.8,-11.3,-3.3,-87,5.4,5.2,5.8,54.3,0.512,0.491,0.552,5.157,20670,20115,22267,209211,19005.5,18500,20645,192464,92,91.4,92.7,919.9,4,4,4,40,4,4,4,40,0,0,0,0,708,701,721,7096,100,100,100,1000,0.562,0.552,0.567,5.606,0,0,0,0,20,0,41,207,4982,4780,5069,49631,165.341,153.409,173.864,1657.955
t2_8_2_3|A=15|B=15|S=0.05|D=32,candidate,t2_8_2_3,15,15,0.05,32,1001;1002;1003;1004;1005;1006;1007;1008;1009;1010,10,1,19.15,19,19.5,191.7,18.9,18.9,19.2,189.7,-10.1,-10.3,-9.8,-100.3,-34.53,-35.154,-33.447,-343.491,-12.2,-12.3,-11.9,-121.7,5.4,5.3,5.5,53.9,0.512,0.505,0.524,5.119,18773.5,18513,19212,188212,18110.5,17881,18497,181420,96.35,96.3,96.6,964,4,4,4,40,4,4,4,40,0,0,0,0,708.5,700,719,7089,100,100,100,1000,0.561,0.553,0.568,5.611,0,0,0,0,22,0,49,231,5815.5,5694,6056,58393,214.773,211.364,217.045,2139.773
t2_8_2_3|A=15|B=10|S=0.05|D=32,candidate,t2_8_2_3,15,10,0.05,32,1001;1002;1003;1004;1005;1006;1007;1008;1009;1010,10,1,19.05,18.9,19.4,190.9,18.9,18.8,18.9,188.6,-10.1,-10.4,-9.8,-101.1,-34.648,-35.495,-33.677,-346.227,-12.3,-12.4,-12.1,-122.8,5.4,5.2,5.5,53.8,0.512,0.495,0.524,5.109,17633,17087,18066,176406,17031,16466,17441,170332,96.5,96.4,96.9,965.5,4,4,4,40,4,4,4,40,0,0,0,0,706,697,718,7066,100,100,100,1000,0.563,0.554,0.571,5.63,0,0,0,0,41,0,301,673,6011.5,5849,6076,60106,214.773,211.364,218.182,2148.864
t2_8_2_3|A=20|B=15|S=0.03|D=32,candidate,t2_8_2_3,20,15,0.03,32,1001;1002;1003;1004;1005;1006;1007;1008;1009;1010,10,1,19,18.9,19.4,190.4,18.9,18.8,18.9,188.6,-10.2,-10.4,-9.8,-101.6,-34.932,-35.495,-33.677,-347.939,-12.25,-12.4,-12.1,-122.8,5.4,5.3,5.5,54.1,0.514,0.505,0.524,5.138,18796,18510,19241,188288,18068.5,17750,18400,180421,95.8,95.5,96.3,958.2,4,4,4,40,4,4,4,40,0,0,0,0,708.5,700,719,7089,100,100,100,1000,0.561,0.553,0.568,5.611,0,0,0,0,0,0,0,0,5849.5,5755,5962,58561,215.909,211.364,218.182,2154.545
t2_8_2_3|A=20|B=10|S=0.03|D=32,candidate,t2_8_2_3,20,10,0.03,32,1001;1002;1003;1004;1005;1006;1007;1008;1009;1010,10,1,19,18.8,19.4,190,18.85,18.8,18.9,188.5,-10.2,-10.5,-9.9,-102,-34.932,-35.836,-33.788,-349.312,-12.3,-12.4,-12.2,-122.9,5.45,5.2,5.6,54.2,0.517,0.495,0.528,5.147,17650.5,17090,18068,176167,16894,16336,17364,168639,95.65,95.2,96.4,957.3,4,4,4,40,4,4,4,40,0,0,0,0,706,697,718,7067,100,100,100,1000,0.563,0.554,0.571,5.629,0,0,0,0,0,0,0,0,6022,5870,6089,60200,215.909,212.5,219.318,2159.091
t2_8_2_3|A=15|B=10|S=0.03|D=24,candidate,t2_8_2_3,15,10,0.03,24,1001;1002;1003;1004;1005;1006;1007;1008;1009;1010,10,1,18.9,18.8,19.1,189.4,18.8,18.8,18.9,188.1,-10.3,-10.5,-10,-102.6,-35.274,-35.836,-34.364,-351.363,-12.35,-12.5,-12.2,-123.3,5.45,5.4,5.5,54.5,0.517,0.509,0.524,5.176,17001.5,16843,17158,170298,16549.5,16455,16727,165837,97.35,97.1,97.7,973.7,4,4,4,40,4,4,4,40,0,0,0,0,706,697,717,7065,100,100,100,1000,0.563,0.555,0.571,5.63,0,0,0,0,45,0,306,722,6023.5,5870,6089,60207,217.045,213.636,219.318,2165.909
t2_8_2_3|A=15|B=20|S=0.03|D=32,candidate,t2_8_2_3,15,20,0.03,32,1001;1002;1003;1004;1005;1006;1007;1008;1009;1010,10,1,19,18.9,19.2,190.5,18.9,18.8,19,188.8,-10.15,-10.4,-9.9,-101.5,-34.82,-35.495,-34.021,-347.596,-12.3,-12.4,-12.1,-122.6,5.5,5.4,5.7,55.1,0.524,0.509,0.538,5.233,19089,18823,20006,192314,18547,18256,19393,186711,97,96.9,97.4,970.7,4,4,4,40,4,4,4,40,0,0,0,0,708,699,719,7087,100,100,100,1000,0.562,0.553,0.569,5.613,0,0,0,0,26,0,48,260,5645.5,5633,5737,56627,215.341,212.5,218.182,2153.409
t2_8_2_3|A=15|B=25|S=0.05|D=24,candidate,t2_8_2_3,15,25,0.05,24,1001;1002;1003;1004;1005;1006;1007;1008;1009;1010,10,1,22.45,21.9,23,224.7,19.2,19,19.5,192.2,-6.75,-7.4,-6.1,-67.3,-23.118,-25.256,-20.962,-230.459,-12,-12.2,-11.6,-119.2,5.55,5.4,6,56.2,0.526,0.514,0.571,5.337,20665,20117,22269,209191,19425.5,18938,21086,196955,94.1,93.7,94.7,941.4,4,4,4,40,4,4,4,40,0,0,0,0,708.5,701,721,7096,100,100,100,1000,0.561,0.552,0.567,5.606,0,0,0,0,21.5,0,44,225,5256.5,5044,5417,52510,176.705,169.318,184.091,1764.773
t2_8_2_3|A=15|B=15|S=0.03|D=32,candidate,t2_8_2_3,15,15,0.03,32,1001;1002;1003;1004;1005;1006;1007;1008;1009;1010,10,1,19,18.9,19.2,190,18.8,18.8,18.9,188.4,-10.2,-10.4,-10,-102,-34.932,-35.495,-34.364,-349.309,-12.3,-12.4,-12.2,-123,5.55,5.5,5.7,55.7,0.526,0.524,0.538,5.289,18773.5,18512,19213,188201,18316.5,18092,18689,183434,97.45,97.3,97.7,974.7,4,4,4,40,4,4,4,40,0,0,0,0,708.5,700,719,7089,100,100,100,1000,0.561,0.553,0.568,5.611,0,0,0,0,26,0,53,266,5914,5789,6134,59429,215.909,213.636,218.182,2159.091
t2_8_2_3|A=20|B=25|S=0.03|D=24,candidate,t2_8_2_3,20,25,0.03,24,1001;1002;1003;1004;1005;1006;1007;1008;1009;1010,10,1,19.4,19.2,19.6,193.8,19,18.8,19.2,190,-9.8,-10.1,-9.6,-98.2,-33.504,-34.471,-32.877,-336.292,-12.2,-12.4,-11.9,-121.4,5.6,5.4,6,56.4,0.531,0.514,0.571,5.356,20664,20129,22265,209195,19375,18870,21023,196161,93.8,93.1,94.4,937.6,4,4,4,40,4,4,4,40,0,0,0,0,708.5,701,721,7096,100,100,100,1000,0.561,0.552,0.567,5.606,0,0,0,0,0,0,0,0,5340.5,5142,5405,53139,211.364,209.091,214.773,2115.909
t2_8_2_3|A=15|B=10|S=0.03|D=32,candidate,t2_8_2_3,15,10,0.03,32,1001;1002;1003;1004;1005;1006;1007;1008;1009;1010,10,1,18.9,18.8,19,189.3,18.8,18.7,18.9,188.1,-10.3,-10.5,-10.1,-102.7,-35.214,-35.836,-34.708,-351.705,-12.35,-12.4,-12.2,-123.3,5.6,5.4,5.8,56,0.531,0.514,0.547,5.318,17632,17087,18066,176402,17179.5,16649,17615,171944,97.4,97.2,97.8,974.5,4,4,4,40,4,4,4,40,0,0,0,0,706,697,718,7066,100,100,100,1000,0.563,0.554,0.571,5.63,0,0,0,0,45,0,306,722,6023,5870,6089,60205,217.045,214.773,219.318,2167.045
t2_8_2_3|A=20|B=25|S=0.05|D=32,candidate,t2_8_2_3,20,25,0.05,32,1001;1002;1003;1004;1005;1006;1007;1008;1009;1010,10,1,23,22.3,23.4,229.4,19.4,19.2,19.9,194.8,-6.25,-7,-5.7,-62.6,-21.368,-23.891,-19.588,-214.376,-11.7,-12.1,-11.2,-116.6,5.7,5.6,5.8,57,0.543,0.533,0.547,5.413,22145.5,21951,22552,221629,20333,20109,20612,203367,91.75,91.3,92.3,917.7,4,4,4,40,4,4,4,40,0,0,0,0,710.5,701,721,7107,100,100,100,1000,0.56,0.552,0.567,5.597,0,0,0,0,0,0,0,0,5004,4871,5111,50007,171.023,164.773,179.545,1711.364
t2_8_2_3|A=25|B=25|S=0.03|D=32,candidate,t2_8_2_3,25,25,0.03,32,1001;1002;1003;1004;1005;1006;1007;1008;1009;1010,10,1,19.65,19.2,19.9,196.3,19.1,19,19.5,191.4,-9.5,-10,-9.3,-95.7,-32.646,-34.247,-31.849,-327.735,-12.1,-12.2,-11.6,-120,5.7,5.7,5.8,57.4,0.543,0.538,0.552,5.451,22144.5,21954,22551,221639,20032,19850,20306,200401,90.35,90,91.3,904.1,4,4,4,40,4,4,4,40,0,0,0,0,710.5,701,721,7107,100,100,100,1000,0.56,0.552,0.567,5.597,0,0,0,0,0,0,0,0,5175,5055,5264,51693,207.955,205.682,213.636,2087.5
t2_8_2_3|A=15|B=25|S=0.07|D=32,candidate,t2_8_2_3,15,25,0.07,32,1001;1002;1003;1004;1005;1006;1007;1008;1009;1010,10,1,23.55,22.4,24.6,234.2,22.2,19.8,28,228.3,-5.65,-6.9,-4.5,-57.8,-19.349,-23.549,-15.464,-197.897,-8.95,-11.4,-3.2,-83.1,5.7,5.7,5.8,57.2,0.543,0.538,0.552,5.432,22144,21951,22263,221285,20455.5,20273,20603,204457,92.4,92.1,92.7,923.9,4,4,4,40,4,4,4,40,0,0,0,0,710,701,721,7106,100,100,100,1000,0.56,0.552,0.567,5.598,0,0,0,0,20,0,41,207,4892.5,4846,5005,49054,164.205,151.136,178.409,1656.818
t2_8_2_3|A=15|B=25|S=0.03|D=24,candidate,t2_8_2_3,15,25,0.03,24,1001;1002;1003;1004;1005;1006;1007;1008;1009;1010,10,1,19.2,18.9,19.6,192.1,18.9,18.8,19.1,189.4,-10,-10.4,-9.6,-99.9,-34.188,-35.495,-32.877,-342.113,-12.2,-12.3,-12,-122,5.8,5.6,6.2,58.4,0.552,0.528,0.59,5.546,20663.5,20114,22265,208847,19833.5,19306,21455,200590,96.05,95.7,96.4,960.4,4,4,4,40,4,4,4,40,0,0,0,0,708,701,721,7095,100,100,100,1000,0.562,0.552,0.567,5.607,0,0,0,0,26,0,48,260,5531,5316,5576,54963,213.636,209.091,218.182,2135.227
t2_8_2_3|A=15|B=25|S=0.05|D=32,candidate,t2_8_2_3,15,25,0.05,32,1001;1002;1003;1004;1005;1006;1007;1008;1009;1010,10,1,22.35,21.6,23,223.5,19.1,19,19.5,192,-6.75,-7.7,-6.1,-68.5,-23.196,-26.28,-20.962,-234.566,-12,-12.2,-11.6,-119.4,5.9,5.9,6,59.2,0.562,0.557,0.571,5.622,22145,21948,22262,221281,20931,20730,21062,209017,94.5,94.3,94.7,944.7,4,4,4,40,4,4,4,40,0,0,0,0,710,701,721,7106,100,100,100,1000,0.56,0.552,0.567,5.598,0,0,0,0,21.5,0,44,225,5198.5,5144,5318,52051,176.705,169.318,187.5,1778.409
t2_8_2_3|A=20|B=25|S=0.03|D=32,candidate,t2_8_2_3,20,25,0.03,32,1001;1002;1003;1004;1005;1006;1007;1008;1009;1010,10,1,19.35,19.2,19.6,193.9,18.95,18.9,19.2,190,-9.75,-10.1,-9.6,-98.1,-33.505,-34.471,-32.877,-335.953,-12.2,-12.3,-11.9,-121.4,6,5.9,6.1,59.8,0.571,0.557,0.575,5.679,22143,21949,22550,221622,20849,20564,21130,208491,94.2,93.5,94.5,940.8,4,4,4,40,4,4,4,40,0,0,0,0,710.5,701,721,7107,100,100,100,1000,0.56,0.552,0.567,5.597,0,0,0,0,0,0,0,0,5288.5,5203,5417,52939,210.795,209.091,214.773,2114.773
t2_8_2_3|A=15|B=25|S=0.03|D=32,candidate,t2_8_2_3,15,25,0.03,32,1001;1002;1003;1004;1005;1006;1007;1008;1009;1010,10,1,19.2,18.9,19.3,191.6,18.9,18.8,19.1,189.2,-10,-10.4,-9.8,-100.4,-34.305,-35.495,-33.677,-343.827,-12.2,-12.4,-12,-122.2,6.2,6.1,6.2,61.6,0.585,0.575,0.59,5.85,22143.5,21951,22262,221272,21305,21121,21441,212984,96.3,96,96.5,962.6,4,4,4,40,4,4,4,40,0,0,0,0,710,701,721,7106,100,100,100,1000,0.56,0.552,0.567,5.598,0,0,0,0,26,0,48,260,5431.5,5405,5584,54618,213.636,211.364,218.182,2140.909
t2_8_2_3|A=25|B=10|S=0.05|D=12,candidate,t2_8_2_3,25,10,0.05,12,1001;1002;1003;1004;1005;1006;1007;1008;1009;1010,10,0,19.35,19.1,19.7,193.7,19.1,18.9,19.2,190.9,-9.85,-10.1,-9.5,-98.3,-33.733,-34.471,-32.534,-336.64,-12.1,-12.3,-11.9,-120.5,4.3,4.2,4.4,42.8,0.408,0.4,0.415,4.065,15022.5,14871,15183,150051,13368,13270,13655,134032,89.3,88.7,90.1,893.3,6,6,6,60,6,6,6,60,0,0,0,0,701,692,712,7015,100,100,100,1000,0.849,0.836,0.86,8.481,0,0,0,0,0,0,0,0,5265.5,5154,5331,52580,211.932,207.955,214.773,2117.045
t2_8_2_3|A=25|B=10|S=0.05|D=16,candidate,t2_8_2_3,25,10,0.05,16,1001;1002;1003;1004;1005;1006;1007;1008;1009;1010,10,0,19.4,19.1,19.7,193.8,19.1,18.9,19.2,190.9,-9.85,-10.1,-9.5,-98.2,-33.675,-34.471,-32.534,-336.299,-12.1,-12.3,-11.9,-120.5,4.45,4.3,4.6,44.6,0.422,0.41,0.438,4.235,15643,15243,15984,156289,14014,13629,14357,140247,89.7,89.1,90.4,897.5,6,6,7,61,6,6,7,61,0,0,0,0,702.5,692,713,7028,100,100,100,1000,0.847,0.834,0.992,8.606,0,0,0,0,0,0,0,0,5278.5,5154,5428,52751,211.932,207.955,214.773,2115.909
t2_8_2_3|A=25|B=25|S=0.03|D=12,candidate,t2_8_2_3,25,25,0.03,12,1001;1002;1003;1004;1005;1006;1007;1008;1009;1010,10,0,19.65,19.2,20.1,196.3,19.1,19,19.4,191.1,-9.55,-10,-9.1,-95.7,-32.705,-34.247,-31.164,-327.734,-12.1,-12.3,-11.7,-120.3,4.45,4.3,4.5,44.3,0.422,0.41,0.429,4.207,17351,16757,17639,172882,15322,14706,15578,152488,88.2,87.5,89.2,882,6,6,6,60,6,5,6,58,0,0,0,0,704,696,715,7049,100,100,100,1000,0.838,0.711,0.855,8.158,0,0,0,0,0,0,0,0,4566.5,4528,4663,45857,208.523,203.409,213.636,2087.5
t2_8_2_3|A=25|B=25|S=0.03|D=16,candidate,t2_8_2_3,25,25,0.03,16,1001;1002;1003;1004;1005;1006;1007;1008;1009;1010,10,0,19.75,19.2,19.9,196.4,19.1,18.9,19.4,191.2,-9.5,-10,-9.2,-95.6,-32.423,-34.247,-31.615,-327.391,-12.1,-12.3,-11.7,-120.2,4.55,4.5,4.7,45.6,0.431,0.425,0.448,4.331,17810,17646,18164,178299,15742,15554,16145,157749,88.35,88,89.3,884.6,6,6,6,60,6,6,6,60,0,0,0,0,705,696,716,7058,100,100,100,1000,0.844,0.831,0.855,8.43,0,0,0,0,0,0,0,0,4607,4502,4747,46043,207.955,204.545,213.636,2086.364
t2_8_2_3|A=25|B=25|S=0.03|D=24,candidate,t2_8_2_3,25,25,0.03,24,1001;1002;1003;1004;1005;1006;1007;1008;1009;1010,10,0,19.7,19.3,20.1,196.8,19.1,18.9,19.4,191.2,-9.5,-9.9,-9.1,-95.2,-32.534,-33.904,-31.164,-326.02,-12.1,-12.3,-11.7,-120.2,5.4,5.2,5.8,54.3,0.512,0.495,0.552,5.157,20673,20127,22267,209539,18562,18059,20306,188472,89.7,89.3,91.2,899.3,4,4,4,40,4,4,4,40,0,0,0,0,708.5,701,721,7097,100,100,100,1000,0.561,0.552,0.567,5.605,0,0,0,0,0,0,0,0,5180.5,5089,5349,51972,207.955,203.409,212.5,2081.818
t2_8_2_3|A=25|B=15|S=0.05|D=16,candidate,t2_8_2_3,25,15,0.05,16,1001;1002;1003;1004;1005;1006;1007;1008;1009;1010,10,0,20.15,19.7,20.6,201.5,19.2,19,19.7,192.9,-9,-9.5,-8.5,-90.5,-30.875,-32.534,-29.21,-309.932,-11.95,-12.1,-11.4,-118.5,4.2,4.2,4.3,42.3,0.4,0.396,0.41,4.017,15893.5,15710,16178,159165,14158.5,14084,14561,142360,89.4,88.9,90.2,894.4,6,6,6,60,6,6,6,60,0,0,0,0,703,694,715,7037,100,100,100,1000,0.846,0.832,0.857,8.455,0,0,0,0,0,0,0,0,5020,4949,5139,50350,202.273,196.591,207.955,2028.409
t2_8_2_3|A=25|B=15|S=0.05|D=12,candidate,t2_8_2_3,25,15,0.05,12,1001;1002;1003;1004;1005;1006;1007;1008;1009;1010,10,0,20.15,19.7,20.6,202.1,19.3,19.1,19.7,193.1,-9,-9.4,-8.5,-89.9,-30.875,-32.302,-29.21,-307.879,-11.85,-12.1,-11.4,-118.3,4,4,4.2,40.5,0.381,0.381,0.396,3.846,15355,15081,15888,153339,13613,13376,14145,136562,89.05,88.4,89.7,890.5,6,6,6,60,6,6,6,60,0,0,0,0,701,692,712,7017,100,100,100,1000,0.849,0.836,0.86,8.479,0,0,0,0,0,0,0,0,5036.5,4951,5125,50317,202.273,196.591,206.818,2021.591
t2_8_2_3|A=25|B=10|S=0.07|D=12,candidate,t2_8_2_3,25,10,0.07,12,1001;1002;1003;1004;1005;1006;1007;1008;1009;1010,10,0,20.7,19.8,22,208.1,20.35,19.6,26.5,215,-8.4,-9.5,-7.2,-83.9,-28.866,-32.423,-24.658,-287.321,-10.8,-11.5,-4.7,-96.4,4.1,4,4.2,40.9,0.39,0.381,0.396,3.884,15023,14870,15183,150048,13073,12971,13372,131218,87.45,86.8,88.1,874.6,6,6,6,60,6,6,6,60,0,0,0,0,701,692,712,7015,100,100,100,1000,0.849,0.836,0.86,8.481,0,0,0,0,0,0,0,0,5172,5053,5260,51690,195.455,181.818,207.955,1953.409
t2_8_2_3|A=25|B=10|S=0.07|D=16,candidate,t2_8_2_3,25,10,0.07,16,1001;1002;1003;1004;1005;1006;1007;1008;1009;1010,10,0,20.75,19.5,22.1,208.3,20.4,19.5,26.5,214.7,-8.35,-9.7,-7.1,-83.7,-28.694,-33.219,-24.315,-286.638,-10.75,-11.6,-4.7,-96.7,4.25,4.1,4.4,42.7,0.403,0.39,0.419,4.055,15643,15243,15984,156289,13753.5,13364,14100,137442,87.75,87.3,88.7,879.3,6,6,7,61,6,6,7,61,0,0,0,0,702.5,692,713,7028,100,100,100,1000,0.847,0.834,0.992,8.606,0,0,0,0,0,0,0,0,5184.5,5061,5322,51845,194.886,180.682,210.227,1951.136
t2_8_2_3|A=25|B=10|S=0.07|D=24,candidate,t2_8_2_3,25,10,0.07,24,1001;1002;1003;1004;1005;1006;1007;1008;1009;1010,10,0,20.8,19.8,22.2,208.6,20.3,19.6,26.6,209.5,-8.3,-9.5,-7,-83.4,-28.522,-32.423,-23.973,-285.611,-10.85,-11.5,-4.6,-101.9,4.7,4.6,4.8,47,0.448,0.438,0.457,4.463,17022,16887,17195,170586,15163,15030,15407,151894,89.05,88.4,89.6,890.3,4,4,4,40,4,4,4,40,0,0,0,0,706,697,717,7065,100,100,100,1000,0.563,0.555,0.571,5.63,0,0,0,0,0,0,0,0,5900.5,5732,5970,58961,194.318,179.545,207.955,1947.727
t2_8_2_3|A=25|B=10|S=0.07|D=32,candidate,t2_8_2_3,25,10,0.07,32,1001;1002;1003;1004;1005;1006;1007;1008;1009;1010,10,0,20.85,19.5,22,208,20.15,19.5,28,215.3,-8.3,-9.7,-7.2,-84,-28.474,-33.219,-24.658,-287.662,-10.95,-11.6,-3.2,-96.1,4.85,4.7,5.2,48.8,0.46,0.448,0.491,4.634,17686.5,17108,18609,177333,15804.5,15246,16816,158679,89.5,88.7,90.4,894.8,4,4,4,40,4,4,4,40,0,0,0,0,706,697,718,7067,100,100,100,1000,0.563,0.554,0.571,5.629,0,0,0,0,0,0,0,0,5901,5735,5972,58991,194.318,181.818,210.227,1954.545
t2_8_2_3|A=25|B=20|S=0.05|D=16,candidate,t2_8_2_3,25,20,0.05,16,1001;1002;1003;1004;1005;1006;1007;1008;1009;1010,10,0,21.65,20.8,22,215.1,19.8,19.3,21,199.1,-7.6,-8.5,-7.1,-76.9,-25.983,-29.01,-24.399,-263.332,-11.3,-12,-10.2,-112.3,4.2,4.1,4.4,42,0.396,0.39,0.419,3.989,16360.5,16239,17213,164530,14472.5,14298,15361,145725,88.5,88,89.3,885.5,6,6,6,60,6,6,6,60,0,0,0,0,703.5,695,714,7038,100,100,100,1000,0.846,0.833,0.856,8.454,0,0,0,0,0,0,0,0,4719,4655,4758,47105,186.364,180.682,196.591,1873.864
t2_8_2_3|A=25|B=20|S=0.05|D=12,candidate,t2_8_2_3,25,20,0.05,12,1001;1002;1003;1004;1005;1006;1007;1008;1009;1010,10,0,21.65,20.2,22.1,214,19.85,19.3,20.9,199.2,-7.6,-9,-7,-78,-25.983,-30.822,-24.055,-267.105,-11.25,-12,-10.3,-112.2,4.05,4,4.1,40.5,0.384,0.381,0.39,3.846,15927.5,15717,16053,159293,14048.5,13880,14197,140522,88.25,87.7,88.9,882.1,6,6,6,60,6,6,6,60,0,0,0,0,703,694,714,7035,100,100,100,1000,0.846,0.833,0.857,8.457,0,0,0,0,0,0,0,0,4725,4669,4757,47138,186.364,179.545,202.273,1886.364
t2_8_2_3|A=25|B=15|S=0.07|D=16,candidate,t2_8_2_3,25,15,0.07,16,1001;1002;1003;1004;1005;1006;1007;1008;1009;1010,10,0,22.3,21.6,24.2,224,32.45,28,36.4,322.1,-6.95,-7.7,-4.9,-68,-23.76,-26.28,-16.838,-232.834,1.3,-3.1,5.2,10.7,4,4,4.2,40.4,0.381,0.377,0.396,3.837,15894,15711,16179,159167,13834,13727,14246,138877,87.25,86.5,88.2,872.6,6,6,6,60,6,6,6,60,0,0,0,0,703,694,715,7037,100,100,100,1000,0.846,0.832,0.857,8.455,0,0,0,0,0,0,0,0,4832,4758,4909,48247,178.977,155.682,187.5,1772.727
t2_8_2_3|A=25|B=15|S=0.07|D=24,candidate,t2_8_2_3,25,15,0.07,24,1001;1002;1003;1004;1005;1006;1007;1008;1009;1010,10,0,22.4,22,23.3,225,32.5,27.7,36.3,320.4,-6.85,-7.3,-5.8,-67,-23.419,-24.915,-19.931,-229.424,1.3,-3.4,5.1,9,4.45,4.4,4.6,44.7,0.422,0.419,0.434,4.245,17391.5,17199,17879,174725,15374,15257,15808,154575,88.45,87.8,89.2,884.6,4,4,4,40,4,4,4,40,0,0,0,0,706,697,717,7065,100,100,100,1000,0.563,0.555,0.571,5.63,0,0,0,0,0,0,0,0,5479,5336,5535,54686,177.841,165.909,182.955,1761.364
t2_8_2_3|A=25|B=15|S=0.07|D=12,candidate,t2_8_2_3,25,15,0.07,12,1001;1002;1003;1004;1005;1006;1007;1008;1009;1010,10,0,22.35,21.4,23.2,223.3,32.85,28,36.4,323.9,-6.85,-7.9,-5.9,-68.7,-23.459,-26.962,-20.275,-235.238,1.7,-3.1,5.2,12.5,3.9,3.8,4,38.8,0.37,0.362,0.377,3.685,15378.5,15080,15889,153497,13281,13025,13769,133214,86.75,86.1,87.7,868,6,6,6,60,6,6,6,60,0,0,0,0,701.5,692,712,7018,100,100,100,1000,0.848,0.836,0.86,8.478,0,0,0,0,0,0,0,0,4830,4757,4888,48205,177.841,167.045,189.773,1780.682
t2_8_2_3|A=20|B=25|S=0.05|D=12,candidate,t2_8_2_3,20,25,0.05,12,1001;1002;1003;1004;1005;1006;1007;1008;1009;1010,10,0,22.4,21.9,22.9,223.7,19.4,19.1,19.9,194.8,-6.75,-7.3,-6.2,-68.3,-23.156,-25,-21.306,-233.901,-11.65,-12.1,-11.2,-116.6,4.4,4.2,4.5,43.8,0.417,0.396,0.429,4.16,17350.5,16653,17611,172022,15487,14874,15804,154281,89.7,89.2,90.4,896.9,6,6,6,60,6,5,6,58,0,0,0,0,704,696,714,7048,100,100,100,1000,0.838,0.711,0.855,8.16,0,0,0,0,0,0,0,0,4409,4279,4456,43978,176.705,170.455,182.955,1776.136
t2_8_2_3|A=20|B=20|S=0.07|D=16,candidate,t2_8_2_3,20,20,0.07,16,1001;1002;1003;1004;1005;1006;1007;1008;1009;1010,10,0,22.4,20.9,23.1,223.2,21.1,20.3,26.6,223.8,-6.7,-8.4,-6.1,-68.8,-23.024,-28.669,-20.89,-235.583,-10.05,-11,-4.6,-87.6,4.15,4.1,4.4,41.8,0.393,0.387,0.419,3.97,16367.5,16121,17213,165232,14687.5,14457,15549,148378,89.75,89.1,90.3,897.9,6,6,6,60,6,6,6,60,0,0,0,0,704,695,714,7040,100,100,100,1000,0.845,0.833,0.856,8.451,0,0,0,0,0,0,0,0,4475,4395,4549,44781,176.136,169.318,195.455,1781.818
t2_8_2_3|A=20|B=20|S=0.07|D=12,candidate,t2_8_2_3,20,20,0.07,12,1001;1002;1003;1004;1005;1006;1007;1008;1009;1010,10,0,22.5,21.2,23,223.5,21.05,20.4,27.3,224.8,-6.7,-8.1,-6.2,-68.5,-22.985,-27.645,-21.233,-234.557,-10.1,-10.9,-3.9,-86.6,4,4,4.1,40.3,0.381,0.377,0.39,3.827,15941,15712,16157,159371,14250.5,14104,14424,142537,89.45,88.8,89.9,894.4,6,6,6,60,6,6,6,60,0,0,0,0,703.5,694,714,7037,100,100,100,1000,0.846,0.833,0.857,8.455,0,0,0,0,0,0,0,0,4492.5,4376,4543,44828,176.136,170.455,192.045,1778.409
t2_8_2_3|A=25|B=15|S=0.07|D=32,candidate,t2_8_2_3,25,15,0.07,32,1001;1002;1003;1004;1005;1006;1007;1008;1009;1010,10,0,22.5,21.9,23.1,225,32.4,26.8,36.4,317.3,-6.7,-7.4,-6,-67,-22.907,-25.256,-20.619,-229.428,1.25,-4.3,5.2,5.9,4.9,4.8,5,48.8,0.464,0.457,0.472,4.634,18796.5,18546,19240,188435,16858,16518,17170,168227,89.25,88.6,89.9,892.7,4,4,4,40,4,4,4,40,0,0,0,0,708.5,700,719,7089,100,100,100,1000,0.561,0.553,0.568,5.611,0,0,0,0,0,0,0,0,5504.5,5376,5589,55034,176.136,168.182,184.091,1761.364
t2_8_2_3|A=25|B=25|S=0.05|D=12,candidate,t2_8_2_3,25,25,0.05,12,1001;1002;1003;1004;1005;1006;1007;1008;1009;1010,10,0,22.65,22,23,225.9,20.1,19.4,23.6,203.5,-6.55,-7.2,-6.1,-66.1,-22.432,-24.658,-20.962,-226.357,-11,-11.9,-7.6,-107.9,4.15,4,4.3,41.3,0.393,0.377,0.41,3.922,17352.5,16684,17638,172527,14703,13971,14995,146041,84.55,83.7,85.4,846.3,6,6,6,60,6,5,6,58,0,0,0,0,704,696,714,7048,100,100,100,1000,0.838,0.711,0.855,8.16,0,0,0,0,0,0,0,0,4224,4173,4330,42407,174.432,169.318,181.818,1751.136
t2_8_2_3|A=25|B=25|S=0.05|D=16,candidate,t2_8_2_3,25,25,0.05,16,1001;1002;1003;1004;1005;1006;1007;1008;1009;1010,10,0,22.75,22,23.4,227.2,20.1,19.3,23.6,203.5,-6.5,-7.3,-5.7,-64.8,-22.222,-24.915,-19.588,-221.888,-11,-12,-7.6,-107.9,4.3,4.2,4.4,42.9,0.41,0.396,0.419,4.074,17810,17645,18164,178328,15141,14964,15513,151645,84.9,84.4,85.6,850.4,6,6,6,60,6,6,6,60,0,0,0,0,705,696,716,7058,100,100,100,1000,0.844,0.831,0.855,8.43,0,0,0,0,0,0,0,0,4249,4154,4390,42552,173.864,164.773,182.955,1736.364
t2_8_2_3|A=15|B=10|S=0.1|D=16,candidate,t2_8_2_3,15,10,0.1,16,1001;1002;1003;1004;1005;1006;1007;1008;1009;1010,10,0,23.05,21.2,23.7,229.4,31.55,22.3,41.7,330.3,-6.2,-8.1,-5.4,-62.6,-21.197,-27.645,-18.557,-214.348,0.4,-8.8,10.5,18.9,4.35,4.2,4.5,43.3,0.41,0.4,0.429,4.112,15510.5,14989,15971,155314,14139,13689,14639,141904,91.3,91,92.1,913.7,6,6,6,60,6,6,6,60,0,0,0,0,701.5,692,714,7026,100,100,100,1000,0.848,0.833,0.86,8.468,0,0,0,0,19.5,0,119,328,5005,4861,5234,50207,170.455,161.364,192.045,1711.364
t2_8_2_3|A=25|B=25|S=0.05|D=32,candidate,t2_8_2_3,25,25,0.05,32,1001;1002;1003;1004;1005;1006;1007;1008;1009;1010,10,0,23.2,22.6,23.5,231.2,20.1,19.4,23.8,203.7,-6.05,-6.6,-5.6,-60.8,-20.684,-22.603,-19.244,-208.216,-11,-11.9,-7.4,-107.7,5.45,5.4,5.5,54.5,0.517,0.509,0.524,5.176,22145,21950,22550,221636,19403,19172,19681,194183,87.4,87.2,88.4,876.2,4,4,4,40,4,4,4,40,0,0,0,0,710.5,701,721,7107,100,100,100,1000,0.56,0.552,0.567,5.597,0,0,0,0,0,0,0,0,4814.5,4696,4917,48145,168.75,163.636,175,1690.909
t2_8_2_3|A=15|B=10|S=0.1|D=12,candidate,t2_8_2_3,15,10,0.1,12,1001;1002;1003;1004;1005;1006;1007;1008;1009;1010,10,0,23.1,21.2,23.6,229.7,32.65,23.1,42.1,336.6,-6.05,-8.1,-5.5,-62.3,-20.754,-27.645,-18.9,-213.314,1.5,-8,10.9,25.2,4.2,4.1,4.3,41.9,0.4,0.39,0.406,3.979,14996,14823,15079,149539,13609,13486,13807,136103,91,90.6,91.6,910.1,6,6,6,60,6,6,6,60,0,0,0,0,701,692,712,7015,100,100,100,1000,0.849,0.836,0.86,8.481,0,0,0,0,19.5,0,119,328,5014.5,4873,5069,50048,168.75,162.5,192.045,1707.955
t2_8_2_3|A=15|B=10|S=0.1|D=24,candidate,t2_8_2_3,15,10,0.1,24,1001;1002;1003;1004;1005;1006;1007;1008;1009;1010,10,0,23.2,21.4,23.9,231.4,33.65,23.6,41.8,339.7,-5.95,-7.9,-5.3,-60.6,-20.412,-26.962,-18.151,-207.496,2.5,-7.5,10.6,28.3,4.8,4.7,4.8,47.8,0.455,0.448,0.457,4.539,17001.5,16847,17158,170291,15680.5,15538,15868,156909,92.15,91.7,92.7,921.4,4,4,4,40,4,4,4,40,0,0,0,0,706,697,717,7065,100,100,100,1000,0.563,0.555,0.571,5.63,0,0,0,0,19.5,0,119,328,5754,5548,5811,57394,167.614,160.227,189.773,1688.636
t2_8_2_3|A=25|B=25|S=0.05|D=24,candidate,t2_8_2_3,25,25,0.05,24,1001;1002;1003;1004;1005;1006;1007;1008;1009;1010,10,0,23.3,22.6,23.8,232.3,20.05,19.4,23.6,203.3,-5.85,-6.6,-5.4,-59.7,-20.035,-22.603,-18.493,-204.453,-11.05,-11.9,-7.6,-108.1,5.1,4.9,5.5,51.4,0.486,0.467,0.524,4.881,20666,20126,22266,209202,17935,17498,19648,181946,86.95,86.2,88.2,869.7,4,4,4,40,4,4,4,40,0,0,0,0,708.5,701,721,7096,100,100,100,1000,0.561,0.552,0.567,5.606,0,0,0,0,0,0,0,0,4826,4695,4908,48283,166.477,161.364,175,1678.409
t2_8_2_3|A=25|B=20|S=0.07|D=16,candidate,t2_8_2_3,25,20,0.07,16,1001;1002;1003;1004;1005;1006;1007;1008;1009;1010,10,0,23.5,22.5,24.6,236,36.8,28.5,42.5,369.2,-5.65,-6.8,-4.6,-56,-19.381,-23.208,-15.753,-191.76,5.6,-2.6,11.3,57.8,4,3.9,4.2,39.9,0.377,0.371,0.4,3.789,16379.5,16238,17214,164452,14026,13804,14867,140958,85.6,85,86.4,857.1,6,6,6,60,6,6,6,60,0,0,0,0,703.5,694,714,7037,100,100,100,1000,0.846,0.833,0.857,8.455,0,0,0,0,0,0,0,0,4410.5,4371,4500,44180,164.205,152.273,177.273,1636.364
t2_8_2_3|A=25|B=20|S=0.07|D=24,candidate,t2_8_2_3,25,20,0.07,24,1001;1002;1003;1004;1005;1006;1007;1008;1009;1010,10,0,23.7,22.7,24.6,237.1,35.85,28.8,43.4,367.2,-5.5,-6.4,-4.6,-54.9,-18.836,-21.993,-15.753,-188.009,4.8,-2.3,12.2,55.8,4.6,4.6,4.8,46.4,0.438,0.434,0.453,4.406,18781,18615,19117,188070,16420,16309,16780,164614,87.45,87.2,87.9,875.3,4,4,4,40,4,4,4,40,0,0,0,0,708,699,720,7087,100,100,100,1000,0.562,0.552,0.569,5.613,0,0,0,0,0,0,0,0,5029,4899,5137,50261,162.5,152.273,172.727,1623.864
t2_8_2_3|A=25|B=20|S=0.07|D=12,candidate,t2_8_2_3,25,20,0.07,12,1001;1002;1003;1004;1005;1006;1007;1008;1009;1010,10,0,23.7,22.5,26,238.1,37,28.5,43.4,370.5,-5.45,-6.8,-3.3,-53.9,-18.696,-23.208,-11.263,-184.58,5.85,-2.6,12.2,59.1,3.85,3.8,3.9,38.5,0.365,0.362,0.371,3.656,15928,15714,16048,159287,13588,13408,13713,135789,85.2,84.5,85.9,852.5,6,6,6,60,6,6,6,60,0,0,0,0,703,694,714,7035,100,100,100,1000,0.846,0.833,0.857,8.457,0,0,0,0,0,0,0,0,4412.5,4349,4500,44204,161.932,137.5,177.273,1612.5
t2_8_2_3|A=20|B=10|S=0.1|D=12,candidate,t2_8_2_3,20,10,0.1,12,1001;1002;1003;1004;1005;1006;1007;1008;1009;1010,10,0,23.8,23.2,24.8,239.5,49.35,46,51.3,489.6,-5.4,-6.1,-4.5,-52.5,-18.493,-20.819,-15.358,-179.776,18.2,14.9,20.1,178.2,4,3.9,4.1,39.8,0.379,0.371,0.387,3.78,15002,14837,15083,149634,13131.5,13025,13391,131557,87.95,87.3,88.8,879.4,6,6,6,60,6,6,6,60,0,0,0,0,701,692,712,7015,100,100,100,1000,0.849,0.836,0.86,8.481,0,0,0,0,0,0,0,0,4957,4835,5022,49554,161.364,151.136,169.318,1596.591
t2_8_2_3|A=25|B=20|S=0.07|D=32,candidate,t2_8_2_3,25,20,0.07,32,1001;1002;1003;1004;1005;1006;1007;1008;1009;1010,10,0,23.9,22.7,24.9,237.4,37,28.8,42.5,371.5,-5.35,-6.4,-4.3,-54.6,-18.29,-21.993,-14.726,-186.979,5.9,-2.3,11.3,60.1,4.7,4.6,5.1,47.7,0.448,0.438,0.481,4.53,19093,18823,20227,192693,16793.5,16529,17890,169239,87.8,87.2,88.4,878.2,4,4,4,40,4,4,4,40,0,0,0,0,708,699,720,7088,100,100,100,1000,0.562,0.552,0.569,5.612,0,0,0,0,0,0,0,0,5017.5,4945,5102,50199,160.795,148.864,172.727,1620.455
t2_8_2_3|A=20|B=10|S=0.1|D=16,candidate,t2_8_2_3,20,10,0.1,16,1001;1002;1003;1004;1005;1006;1007;1008;1009;1010,10,0,23.9,23.2,24.8,239.2,48.95,46,51.2,487.2,-5.3,-6.1,-4.5,-52.8,-18.151,-20.819,-15.358,-180.809,17.75,14.9,20.1,175.8,4.1,4,4.3,41.4,0.39,0.381,0.41,3.932,15516,15001,15913,155242,13666,13228,14236,137190,88.25,87.7,89.5,883.7,6,6,6,60,6,6,6,60,0,0,0,0,701.5,692,714,7024,100,100,100,1000,0.848,0.833,0.86,8.471,0,0,0,0,0,0,0,0,4964,4821,5029,49589,160.227,151.136,169.318,1600
t2_8_2_3|A=15|B=15|S=0.1|D=32,candidate,t2_8_2_3,15,15,0.1,32,1001;1002;1003;1004;1005;1006;1007;1008;1009;1010,10,0,23.95,23.5,24.6,239.5,41.25,31.3,49.4,411.9,-5.25,-5.7,-4.5,-52.5,-17.98,-19.521,-15.464,-179.779,10.05,0.2,18.2,100.5,4.95,4.8,5.1,49.5,0.469,0.457,0.481,4.701,18774,18513,19150,187888,17269,16998,17552,172495,91.8,91.5,92.2,918.2,4,4,4,40,4,4,4,40,0,0,0,0,708.5,700,719,7088,100,100,100,1000,0.561,0.553,0.568,5.612,0,0,0,0,17,0,40,182,5250.5,5180,5484,52804,159.659,151.136,164.773,1596.591
t2_8_2_3|A=15|B=15|S=0.1|D=24,candidate,t2_8_2_3,15,15,0.1,24,1001;1002;1003;1004;1005;1006;1007;1008;1009;1010,10,0,23.95,23.5,24.3,239.2,41.35,29.8,49.2,409.1,-5.25,-5.7,-4.8,-52.8,-17.98,-19.521,-16.495,-180.81,10.15,-1.3,18,97.7,4.55,4.5,4.7,45.7,0.431,0.429,0.443,4.34,17381.5,17199,18084,174818,15858.5,15662,16526,159442,91.2,90.9,91.7,912.2,4,4,4,40,4,4,4,40,0,0,0,0,706,697,717,7065,100,100,100,1000,0.563,0.555,0.571,5.63,0,0,0,0,17,0,40,182,5244,5069,5355,52355,159.659,154.545,164.773,1600
t2_8_2_3|A=15|B=15|S=0.1|D=16,candidate,t2_8_2_3,15,15,0.1,16,1001;1002;1003;1004;1005;1006;1007;1008;1009;1010,10,0,24,23.4,24.5,238.8,41.55,29.7,49.5,411.9,-5.25,-5.9,-4.6,-53.2,-17.948,-20.137,-15.808,-182.177,10.35,-1.4,18.3,100.5,4.15,4.1,4.2,41.5,0.393,0.39,0.4,3.941,15906.5,15674,16147,159108,14366,14155,14605,143690,90.3,90,90.8,903,6,6,6,60,6,6,6,60,0,0,0,0,703.5,694,714,7039,100,100,100,1000,0.846,0.833,0.857,8.453,0,0,0,0,17,0,40,182,4610.5,4490,4703,45943,159.659,152.273,167.045,1604.545
t2_8_2_3|A=15|B=15|S=0.1|D=12,candidate,t2_8_2_3,15,15,0.1,12,1001;1002;1003;1004;1005;1006;1007;1008;1009;1010,10,0,23.95,23.4,24.3,238.7,42.15,31.3,49.4,414.1,-5.25,-5.9,-4.8,-53.3,-17.98,-20.137,-16.495,-182.52,10.95,0.2,18.2,102.7,3.95,3.9,4.1,39.6,0.374,0.371,0.387,3.761,15326.5,15049,15903,153450,13754.5,13535,14338,138014,89.95,89.5,90.4,899.5,6,6,7,61,6,6,7,61,0,0,0,0,701.5,692,712,7017,100,100,100,1000,0.85,0.836,0.975,8.617,0,0,0,0,17,0,40,182,4560.5,4493,4625,45598,159.659,154.545,167.045,1605.682
t2_8_2_3|A=20|B=10|S=0.1|D=24,candidate,t2_8_2_3,20,10,0.1,24,1001;1002;1003;1004;1005;1006;1007;1008;1009;1010,10,0,23.95,23.2,25,240.2,49.35,46,51.2,488.3,-5.25,-6.1,-4.2,-51.8,-17.979,-20.819,-14.384,-177.379,18.2,14.9,20,176.9,4.6,4.5,4.7,46,0.438,0.429,0.443,4.368,17004,16851,17184,170347,15229.5,15078,15467,152342,89.5,88.8,90.2,894.4,4,4,4,40,4,4,4,40,0,0,0,0,706,697,717,7065,100,100,100,1000,0.563,0.555,0.571,5.63,0,0,0,0,0,0,0,0,5717,5507,5750,56893,159.659,147.727,169.318,1588.636
t2_8_2_3|A=20|B=10|S=0.1|D=32,candidate,t2_8_2_3,20,10,0.1,32,1001;1002;1003;1004;1005;1006;1007;1008;1009;1010,10,0,24,23.2,25,240.1,48.45,43.9,52.4,487.2,-5.2,-6.1,-4.2,-51.9,-17.808,-20.819,-14.384,-177.723,17.25,12.8,21.2,175.8,4.75,4.6,4.9,47.4,0.45,0.438,0.467,4.501,17648.5,17089,18065,176158,15848,15330,16322,158146,89.75,89,90.6,897.8,4,4,4,40,4,4,4,40,0,0,0,0,706,697,718,7067,100,100,100,1000,0.563,0.554,0.571,5.629,0,0,0,0,0,0,0,0,5711,5503,5737,56869,159.091,147.727,169.318,1589.773
t2_8_2_3|A=20|B=25|S=0.07|D=12,candidate,t2_8_2_3,20,25,0.07,12,1001;1002;1003;1004;1005;1006;1007;1008;1009;1010,10,0,24.4,23,26.8,246.3,30.35,20.8,35.9,287.7,-4.85,-6.3,-2.3,-45.7,-16.578,-21.502,-7.904,-156.432,-0.85,-10.3,4.7,-23.7,4.15,4,4.2,41.2,0.393,0.377,0.4,3.913,17351.5,16652,17612,172035,14959,14322,15240,148768,86.3,86,87.2,864.7,6,6,6,60,6,5,6,58,0,0,0,0,704,696,714,7048,100,100,100,1000,0.838,0.711,0.855,8.16,0,0,0,0,0,0,0,0,4058,3961,4113,40568,155.114,126.136,171.591,1519.318
t2_8_2_3|A=20|B=15|S=0.1|D=24,candidate,t2_8_2_3,20,15,0.1,24,1001;1002;1003;1004;1005;1006;1007;1008;1009;1010,10,0,24.5,24,29.9,251.4,53.65,47.4,54.2,525.4,-4.65,-5.3,0.8,-40.6,-15.951,-18.089,2.749,-138.965,22.55,16.3,23,214,4.4,4.3,4.5,43.8,0.417,0.41,0.425,4.159,17383,17200,18091,174819,15414.5,15199,16009,154701,88.4,88,89.2,885,4,4,4,40,4,4,4,40,0,0,0,0,706,697,717,7065,100,100,100,1000,0.563,0.555,0.571,5.63,0,0,0,0,0,0,0,0,5128,4971,5200,51146,152.841,90.909,160.227,1461.364
t2_8_2_3|A=20|B=25|S=0.07|D=16,candidate,t2_8_2_3,20,25,0.07,16,1001;1002;1003;1004;1005;1006;1007;1008;1009;1010,10,0,24.55,22.9,28.5,248.4,29.85,20.8,34,284.9,-4.6,-6.4,-0.6,-43.6,-15.784,-21.843,-2.062,-149.213,-1.25,-10.3,2.8,-26.5,4.3,4.2,4.4,43.1,0.41,0.4,0.419,4.093,17787.5,17645,18168,178226,15479.5,15282,15776,154877,86.9,86.4,87.4,868.9,6,6,6,60,6,6,6,60,0,0,0,0,705,696,716,7058,100,100,100,1000,0.844,0.831,0.855,8.43,0,0,0,0,0,0,0,0,4078,3957,4185,40753,152.273,106.818,172.727,1495.455
t2_8_2_3|A=20|B=15|S=0.1|D=32,candidate,t2_8_2_3,20,15,0.1,32,1001;1002;1003;1004;1005;1006;1007;1008;1009;1010,10,0,24.55,24,29.9,251.2,53.7,47.4,54.2,525,-4.6,-5.3,0.8,-40.8,-15.78,-18.089,2.749,-139.648,22.6,16.3,23,213.6,4.8,4.7,4.9,47.8,0.455,0.448,0.462,4.539,18795,18514,19240,188291,16840,16494,17155,168203,89.3,88.7,89.9,893.3,4,4,4,40,4,4,4,40,0,0,0,0,708.5,700,719,7089,100,100,100,1000,0.561,0.553,0.568,5.611,0,0,0,0,0,0,0,0,5126.5,5026,5265,51383,152.273,90.909,160.227,1463.636
t2_8_2_3|A=20|B=15|S=0.1|D=16,candidate,t2_8_2_3,20,15,0.1,16,1001;1002;1003;1004;1005;1006;1007;1008;1009;1010,10,0,24.55,24.1,29.9,252.2,53.8,47.4,54.2,525.7,-4.6,-5.2,0.8,-39.8,-15.78,-17.747,2.749,-136.217,22.7,16.3,23,214.3,4,3.9,4.1,39.7,0.377,0.371,0.387,3.77,15921.5,15678,16159,159214,13937,13704,14259,139079,87.3,86.8,88.2,873.5,6,6,6,60,6,6,6,60,0,0,0,0,703.5,694,715,7039,100,100,100,1000,0.846,0.832,0.857,8.453,0,0,0,0,0,0,0,0,4496.5,4371,4594,44831,152.273,90.909,159.091,1452.273
t2_8_2_3|A=20|B=25|S=0.07|D=32,candidate,t2_8_2_3,20,25,0.07,32,1001;1002;1003;1004;1005;1006;1007;1008;1009;1010,10,0,24.6,23.5,27.3,249.8,29.9,20.8,35.9,287.9,-4.6,-5.8,-1.8,-42.2,-15.753,-19.795,-6.186,-144.451,-1.2,-10.3,4.7,-23.5,5.5,5.4,5.6,55,0.524,0.514,0.528,5.223,22144.5,21953,22550,221631,19737,19583,20085,197796,89.25,88.8,89.7,892.5,4,4,4,40,4,4,4,40,0,0,0,0,710.5,701,721,7107,100,100,100,1000,0.56,0.552,0.567,5.597,0,0,0,0,0,0,0,0,4656.5,4543,4739,46495,152.273,120.455,165.909,1479.545
t2_8_2_3|A=20|B=25|S=0.07|D=24,candidate,t2_8_2_3,20,25,0.07,24,1001;1002;1003;1004;1005;1006;1007;1008;1009;1010,10,0,24.65,23.6,27.8,250.8,28.45,20.8,35,282.6,-4.5,-5.7,-1.3,-41.2,-15.434,-19.454,-4.467,-141.023,-2.7,-10.3,3.8,-28.8,5.1,4.9,5.6,51.8,0.486,0.467,0.533,4.919,20672.5,20117,22267,209532,18286,17862,19974,185832,88.65,88.1,89.7,886.7,4,4,4,40,4,4,4,40,0,0,0,0,708.5,701,721,7097,100,100,100,1000,0.561,0.552,0.567,5.605,0,0,0,0,0,0,0,0,4678,4503,4777,46732,151.136,114.773,164.773,1468.182
t2_8_2_3|A=20|B=15|S=0.1|D=12,candidate,t2_8_2_3,20,15,0.1,12,1001;1002;1003;1004;1005;1006;1007;1008;1009;1010,10,0,24.6,24.3,29.3,254.5,53.8,47.4,54.5,526.1,-4.5,-5,0.2,-37.5,-15.464,-17.065,0.687,-128.404,22.7,16.3,23.2,214.7,3.8,3.7,3.9,38.1,0.362,0.352,0.368,3.618,15332.5,15053,15867,153445,13292.5,13039,13773,133298,86.8,86.2,87.7,868.6,6,6,6,60,6,6,6,60,0,0,0,0,701.5,692,712,7018,100,100,100,1000,0.848,0.836,0.86,8.478,0,0,0,0,0,0,0,0,4486.5,4394,4538,44739,151.136,97.727,156.818,1426.136
t2_8_2_3|A=15|B=20|S=0.1|D=12,candidate,t2_8_2_3,15,20,0.1,12,1001;1002;1003;1004;1005;1006;1007;1008;1009;1010,10,0,25.2,24.4,26.2,251.2,46,36.2,51.3,452.6,-4.05,-4.8,-2.9,-40.8,-13.823,-16.438,-9.966,-139.699,14.8,5.1,20.1,141.2,4,3.9,4,39.6,0.377,0.371,0.381,3.761,15963.5,15708,16153,159529,14098,13912,14220,140883,88.35,88,88.6,883.3,6,6,6,60,6,6,6,60,0,0,0,0,703.5,694,714,7038,100,100,100,1000,0.846,0.833,0.857,8.454,0,0,0,0,16.5,0,35,176,4204,4103,4254,41867,146.023,132.955,154.545,1463.636
t2_8_2_3|A=15|B=20|S=0.1|D=16,candidate,t2_8_2_3,15,20,0.1,16,1001;1002;1003;1004;1005;1006;1007;1008;1009;1010,10,0,25.2,24.4,26.2,251.4,46.4,36.2,52.4,454.3,-4,-4.8,-2.9,-40.6,-13.699,-16.438,-9.966,-139.021,15.2,5.1,21.2,142.9,4.1,4,4.3,40.9,0.387,0.377,0.41,3.884,16315,15966,17210,164368,14476.5,14152,15303,145726,88.65,88.1,89.1,886.5,6,6,6,60,6,6,6,60,0,0,0,0,703,694,714,7036,100,100,100,1000,0.846,0.833,0.857,8.456,0,0,0,0,16.5,0,35,176,4180,4104,4245,41785,145.455,132.955,154.545,1461.364
t2_8_2_3|A=15|B=20|S=0.1|D=32,candidate,t2_8_2_3,15,20,0.1,32,1001;1002;1003;1004;1005;1006;1007;1008;1009;1010,10,0,25.3,24.6,26,253,46.2,36.2,52.4,453.7,-3.9,-4.7,-3.1,-39,-13.355,-16.041,-10.653,-133.543,15,5.1,21.2,142.3,4.8,4.7,5.1,48.6,0.457,0.448,0.481,4.615,19089,18823,20002,192308,17229,16970,18071,173648,90.25,90,90.8,903.1,4,4,4,40,4,4,4,40,0,0,0,0,708,699,719,7087,100,100,100,1000,0.562,0.553,0.569,5.613,0,0,0,0,16.5,0,35,176,4829,4766,4887,48310,144.318,135.227,153.409,1443.182
t2_8_2_3|A=15|B=20|S=0.1|D=24,candidate,t2_8_2_3,15,20,0.1,24,1001;1002;1003;1004;1005;1006;1007;1008;1009;1010,10,0,25.4,24.6,26.2,253.3,45.75,37.4,51.2,453.6,-3.8,-4.7,-2.9,-38.7,-13.012,-16.041,-9.966,-132.509,14.55,6.3,20,142.2,4.75,4.7,4.9,47.7,0.45,0.443,0.467,4.53,18869,18625,19106,188608,16954,16774,17278,169961,90.1,89.7,90.5,901.1,4,4,4,40,4,4,4,40,0,0,0,0,708.5,699,720,7089,100,100,100,1000,0.561,0.552,0.569,5.611,0,0,0,0,16.5,0,35,176,4859.5,4642,4998,48587,143.182,132.955,153.409,1439.773
t2_8_2_3|A=25|B=10|S=0.1|D=12,candidate,t2_8_2_3,25,10,0.1,12,1001;1002;1003;1004;1005;1006;1007;1008;1009;1010,10,0,26.65,24.3,33.9,277.1,54.55,50.9,56.5,542,-2.5,-4.9,4.6,-14.9,-8.575,-16.781,15.7,-51.038,23.45,19.8,25.3,230.6,3.8,3.8,3.9,38.2,0.362,0.358,0.371,3.628,15020.5,14867,15185,150044,12535.5,12414,12866,125689,83.7,83,84.7,837.6,6,6,6,60,6,6,6,60,0,0,0,0,701,692,712,7015,100,100,100,1000,0.849,0.836,0.86,8.481,0,0,0,0,0,0,0,0,4916,4799,4967,49110,128.409,47.727,155.682,1169.318
t2_8_2_3|A=25|B=10|S=0.1|D=16,candidate,t2_8_2_3,25,10,0.1,16,1001;1002;1003;1004;1005;1006;1007;1008;1009;1010,10,0,26.75,24.6,33.9,277.2,54.55,50.5,56.5,541.8,-2.5,-4.6,4.6,-14.8,-8.548,-15.753,15.7,-50.687,23.45,19.4,25.3,230.4,4,3.8,4.1,39.8,0.379,0.362,0.39,3.78,15642.5,15241,15985,156290,13211.5,12816,13540,131913,84.25,83.7,85.4,843.9,6,6,7,61,6,6,7,61,0,0,0,0,702.5,692,713,7028,100,100,100,1000,0.847,0.834,0.992,8.606,0,0,0,0,0,0,0,0,4936,4793,5073,49265,128.409,47.727,152.273,1168.182
t2_8_2_3|A=25|B=10|S=0.1|D=32,candidate,t2_8_2_3,25,10,0.1,32,1001;1002;1003;1004;1005;1006;1007;1008;1009;1010,10,0,26.75,24.6,33.5,277.1,54.55,51.3,56.5,543.3,-2.5,-4.6,4.4,-14.9,-8.548,-15.753,15.12,-51.009,23.55,20.2,25.3,231.9,4.6,4.4,4.9,46.1,0.436,0.419,0.462,4.378,17678,17109,18611,177311,15226.5,14643,16300,153069,86.25,85.5,87.6,863.2,4,4,4,40,4,4,4,40,0,0,0,0,706,697,718,7067,100,100,100,1000,0.563,0.554,0.571,5.629,0,0,0,0,0,0,0,0,5653,5477,5688,56361,128.409,50,152.273,1169.318
t2_8_2_3|A=25|B=10|S=0.1|D=24,candidate,t2_8_2_3,25,10,0.1,24,1001;1002;1003;1004;1005;1006;1007;1008;1009;1010,10,0,27.2,24.3,33.5,280.3,54.55,51.3,56.5,542.8,-2,-4.9,4.4,-11.7,-6.846,-16.781,15.12,-40.049,23.55,20.2,25.3,231.4,4.4,4.4,4.5,44.2,0.419,0.415,0.429,4.198,17021,16887,17197,170585,14601.5,14485,14864,146395,85.75,85.1,86.6,858.1,4,4,4,40,4,4,4,40,0,0,0,0,706,697,717,7065,100,100,100,1000,0.563,0.555,0.571,5.63,0,0,0,0,0,0,0,0,5670,5482,5691,56431,122.727,50,155.682,1132.955
t2_8_2_3|A=15|B=25|S=0.1|D=16,candidate,t2_8_2_3,15,25,0.1,16,1001;1002;1003;1004;1005;1006;1007;1008;1009;1010,10,0,28,26.5,32.5,285.3,48.75,42.7,53.4,487.1,-1.25,-2.7,3.3,-6.7,-4.274,-9.247,11.301,-22.914,17.65,11.6,22.2,175.7,4.3,4.2,4.4,42.9,0.41,0.396,0.419,4.074,17811.5,17644,18167,178319,15476,15219,15719,154406,86.65,85.9,87,866,6,6,6,60,6,6,6,60,0,0,0,0,705,697,716,7059,100,100,100,1000,0.844,0.831,0.853,8.429,0,0,0,0,16.5,0,35,176,3867,3750,3946,38660,114.205,62.5,130.682,1076.136
t2_8_2_3|A=15|B=25|S=0.1|D=12,candidate,t2_8_2_3,15,25,0.1,12,1001;1002;1003;1004;1005;1006;1007;1008;1009;1010,10,0,28.15,27.1,32.5,285.7,48.9,42.8,53,487.7,-1.05,-2.1,3.3,-6.3,-3.597,-7.192,11.301,-21.536,17.7,11.7,21.8,176.3,4.1,4,4.2,41.1,0.39,0.377,0.4,3.903,17353,16658,17610,172042,14899,14330,15174,148250,86.15,85.6,86.7,861.6,6,6,6,60,6,5,6,58,0,0,0,0,704,696,714,7048,100,100,100,1000,0.838,0.711,0.855,8.16,0,0,0,0,16.5,0,35,176,3829.5,3746,3892,38346,111.932,62.5,123.864,1071.591
t2_8_2_3|A=15|B=25|S=0.1|D=24,candidate,t2_8_2_3,15,25,0.1,24,1001;1002;1003;1004;1005;1006;1007;1008;1009;1010,10,0,28.3,27.1,32.2,286.9,48.9,42.7,53,486.8,-0.85,-2.1,3,-5.1,-2.915,-7.192,10.274,-17.428,17.65,11.6,21.8,175.4,5.15,4.9,5.5,51.8,0.488,0.462,0.524,4.919,20833.5,20129,22270,209883,18408,17769,19918,185807,88.5,87.8,89.4,885.2,4,4,4,40,4,4,4,40,0,0,0,0,708,701,722,7097,100,100,100,1000,0.562,0.551,0.567,5.605,0,0,0,0,16.5,0,35,176,4554.5,4326,4807,45432,109.659,65.909,123.864,1057.955
t2_8_2_3|A=15|B=25|S=0.1|D=32,candidate,t2_8_2_3,15,25,0.1,32,1001;1002;1003;1004;1005;1006;1007;1008;1009;1010,10,0,28.3,27.1,32.5,287.7,48.85,42.7,53,487.9,-0.85,-2.1,3.3,-4.3,-2.913,-7.192,11.301,-14.697,17.7,11.6,21.8,176.5,5.5,5.4,5.6,54.9,0.524,0.514,0.528,5.214,22145.5,21948,22548,221626,19728.5,19511,20045,197406,89.1,88.7,89.4,890.8,4,4,4,40,4,4,4,40,0,0,0,0,710.5,701,721,7107,100,100,100,1000,0.56,0.552,0.567,5.597,0,0,0,0,16.5,0,35,176,4451,4404,4625,44672,109.659,62.5,123.864,1048.864
t2_8_2_3|A=25|B=25|S=0.07|D=12,candidate,t2_8_2_3,25,25,0.07,12,1001;1002;1003;1004;1005;1006;1007;1008;1009;1010,10,0,28.55,25.9,30,285.2,45,29.5,48.5,437.9,-0.65,-3.2,0.7,-6.8,-2.227,-10.997,2.397,-23.352,13.85,-1.6,17.3,126.5,3.9,3.7,4,39,0.371,0.349,0.381,3.704,17353,16684,17638,172530,14085.5,13318,14363,139770,80.9,79.8,82,809.9,6,6,6,60,6,5,6,58,0,0,0,0,703.5,696,714,7048,100,100,100,1000,0.838,0.711,0.855,8.16,0,0,0,0,0,0,0,0,3835,3750,3921,38382,107.386,92.045,136.364,1077.273
t2_8_2_3|A=25|B=25|S=0.07|D=16,candidate,t2_8_2_3,25,25,0.07,16,1001;1002;1003;1004;1005;1006;1007;1008;1009;1010,10,0,29,26.6,30.4,286.7,45.2,29.5,49.3,440.8,-0.3,-2.5,1.1,-5.3,-1.024,-8.591,3.754,-18.195,14.15,-1.6,18.1,129.4,4.05,4,4.1,40.5,0.384,0.377,0.39,3.846,17810.5,17641,18165,178343,14531,14321,14775,145263,81.25,80.9,82.3,814.5,6,6,6,60,6,6,6,60,0,0,0,0,705,696,716,7058,100,100,100,1000,0.844,0.831,0.855,8.43,0,0,0,0,0,0,0,0,3830.5,3767,4010,38517,103.409,87.5,128.409,1060.227
t2_8_2_3|A=25|B=25|S=0.07|D=32,candidate,t2_8_2_3,25,25,0.07,32,1001;1002;1003;1004;1005;1006;1007;1008;1009;1010,10,0,29.55,25.9,31.9,291,45.35,29.7,48.5,440.2,0.3,-3.2,2.8,-1,1.026,-10.997,9.622,-3.418,14.25,-1.4,17.3,128.8,5.2,5.2,5.3,52.2,0.495,0.491,0.505,4.957,22146,21949,22553,221633,18748,18540,19069,187697,84.55,83.9,85.5,846.9,4,4,4,40,4,4,4,40,0,0,0,0,710.5,701,721,7107,100,100,100,1000,0.56,0.552,0.567,5.597,0,0,0,0,0,0,0,0,4410.5,4205,4520,44018,96.591,68.182,136.364,1011.364
t2_8_2_3|A=25|B=25|S=0.07|D=24,candidate,t2_8_2_3,25,25,0.07,24,1001;1002;1003;1004;1005;1006;1007;1008;1009;1010,10,0,29.6,26.5,31.4,293.6,45,30.1,48.5,438.9,0.45,-2.6,2.3,1.6,1.544,-8.935,7.904,5.474,13.85,-1,17.3,127.5,4.8,4.7,5.3,49.2,0.457,0.448,0.505,4.672,20673,20124,22266,210479,17334,16771,19008,176684,84.05,82.8,85.4,839.5,4,4,4,40,4,4,4,40,0,0,0,0,708.5,701,721,7098,100,100,100,1000,0.561,0.552,0.567,5.604,0,0,0,0,0,0,0,0,4429.5,4261,4615,44158,94.886,73.864,129.545,981.818
t2_8_2_3|A=20|B=20|S=0.1|D=32,candidate,t2_8_2_3,20,20,0.1,32,1001;1002;1003;1004;1005;1006;1007;1008;1009;1010,10,0,30,25.4,32.2,288.6,55.2,49.9,56.7,547.1,0.7,-3.8,3.1,-3.4,2.389,-13.014,10.653,-11.659,24.1,18.8,25.5,235.7,4.6,4.6,4.9,46.7,0.438,0.434,0.462,4.435,19091,18823,19998,192314,16694,16429,17507,168211,87.4,87,88,874.5,4,4,4,40,4,4,4,40,0,0,0,0,708,699,719,7087,100,100,100,1000,0.562,0.553,0.569,5.613,0,0,0,0,0,0,0,0,4648,4518,4672,46345,92.045,64.773,143.182,1038.636
t2_8_2_3|A=20|B=20|S=0.1|D=16,candidate,t2_8_2_3,20,20,0.1,16,1001;1002;1003;1004;1005;1006;1007;1008;1009;1010,10,0,30.55,25.2,33.5,291.8,55.2,50.1,56.7,547.7,1.25,-4,4.4,-0.2,4.266,-13.699,15.12,-0.701,24.05,19,25.5,236.3,3.9,3.8,4.1,39.1,0.37,0.358,0.39,3.713,16314.5,16003,17210,164939,13947.5,13668,14757,140835,85.45,84.6,86.1,853.6,6,6,6,60,6,6,6,60,0,0,0,0,703,695,714,7038,100,100,100,1000,0.846,0.833,0.856,8.454,0,0,0,0,0,0,0,0,4022.5,3955,4103,40331,85.795,50,145.455,1002.273
t2_8_2_3|A=20|B=20|S=0.1|D=24,candidate,t2_8_2_3,20,20,0.1,24,1001;1002;1003;1004;1005;1006;1007;1008;1009;1010,10,0,30.85,25.4,33.5,293.5,55.25,50.4,57.1,548,1.55,-3.8,4.4,1.5,5.29,-13.014,15.12,5.114,24.1,19.3,25.9,236.6,4.55,4.5,4.7,45.6,0.431,0.425,0.443,4.33,18828.5,18626,19113,188345,16387.5,16200,16764,164249,87.3,86.7,87.7,872.2,4,4,4,40,4,4,4,40,0,0,0,0,708.5,699,720,7088,100,100,100,1000,0.561,0.552,0.569,5.612,0,0,0,0,0,0,0,0,4655,4476,4768,46420,82.386,50,143.182,982.955
t2_8_2_3|A=20|B=20|S=0.1|D=12,candidate,t2_8_2_3,20,20,0.1,12,1001;1002;1003;1004;1005;1006;1007;1008;1009;1010,10,0,30.85,25.4,33.8,292.1,55.25,50.4,57.1,548.5,1.55,-3.8,4.7,0.1,5.29,-13.014,16.151,0.318,24.15,19.3,25.9,237.1,3.8,3.7,3.8,37.7,0.358,0.352,0.362,3.58,15940,15711,16157,159367,13549.5,13360,13648,135257,84.95,84.4,85.3,848.7,6,6,6,60,6,6,6,60,0,0,0,0,703.5,694,714,7037,100,100,100,1000,0.846,0.833,0.857,8.455,0,0,0,0,0,0,0,0,4048,3937,4121,40434,82.386,46.591,143.182,998.864
t2_8_2_3|A=25|B=15|S=0.1|D=24,candidate,t2_8_2_3,25,15,0.1,24,1001;1002;1003;1004;1005;1006;1007;1008;1009;1010,10,0,31,25.2,35.1,309.9,57.4,54.7,59.4,571.4,1.8,-4,5.8,17.9,6.164,-13.699,19.795,61.215,26.35,23.7,28.2,260,4.2,4.1,4.3,42.2,0.4,0.39,0.406,4.007,17392.5,17200,17880,174686,14751.5,14596,15191,148170,84.9,84.1,85.5,848.3,4,4,4,40,4,4,4,40,0,0,0,0,706,697,717,7065,100,100,100,1000,0.563,0.555,0.571,5.63,0,0,0,0,0,0,0,0,5069.5,4932,5153,50560,79.545,34.091,145.455,796.591
t2_8_2_3|A=25|B=15|S=0.1|D=32,candidate,t2_8_2_3,25,15,0.1,32,1001;1002;1003;1004;1005;1006;1007;1008;1009;1010,10,0,31.1,25,35.1,311.6,57.35,54.5,59.6,572,1.9,-4.2,5.8,19.6,6.508,-14.384,19.795,67.049,26.3,23.4,28.4,260.6,4.6,4.5,4.7,45.8,0.436,0.429,0.443,4.349,18796,18544,19240,188430,16191.5,15894,16543,161809,85.9,85.2,86.5,858.6,4,4,4,40,4,4,4,40,0,0,0,0,708.5,700,719,7089,100,100,100,1000,0.561,0.553,0.568,5.611,0,0,0,0,0,0,0,0,5082,4961,5181,50775,78.409,34.091,147.727,777.273
t2_8_2_3|A=25|B=15|S=0.1|D=16,candidate,t2_8_2_3,25,15,0.1,16,1001;1002;1003;1004;1005;1006;1007;1008;1009;1010,10,0,31.15,25.1,35.2,310.8,57.35,54.5,59.7,572.2,1.95,-4.1,5.9,18.8,6.68,-14.041,20.137,64.306,26.3,23.4,28.5,260.8,3.75,3.7,3.9,37.7,0.355,0.352,0.371,3.58,15894.5,15710,16181,159345,13214.5,13088,13579,132662,83.3,82.7,84,832.5,6,6,6,60,6,6,6,60,0,0,0,0,703,694,715,7038,100,100,100,1000,0.846,0.832,0.857,8.454,0,0,0,0,0,0,0,0,4450,4337,4503,44304,77.841,32.955,146.591,786.364
t2_8_2_3|A=25|B=15|S=0.1|D=12,candidate,t2_8_2_3,25,15,0.1,12,1001;1002;1003;1004;1005;1006;1007;1008;1009;1010,10,0,31.65,25.2,34.6,310.5,57.4,53.6,59.7,571.9,2.45,-4,5.3,18.5,8.386,-13.699,18.089,63.315,26.3,22.5,28.5,260.5,3.6,3.5,3.8,36.1,0.343,0.333,0.358,3.428,15392,14993,15891,153492,12731.5,12348,13163,126861,82.75,81.9,83.4,826.5,6,6,6,60,6,6,6,60,0,0,0,0,701.5,692,712,7019,100,100,100,1000,0.848,0.836,0.86,8.477,0,0,0,0,0,0,0,0,4428,4321,4482,44182,72.159,39.773,145.455,789.773
t2_8_2_3|A=20|B=25|S=0.1|D=12,candidate,t2_8_2_3,20,25,0.1,12,1001;1002;1003;1004;1005;1006;1007;1008;1009;1010,10,0,33.85,29,35.4,330.8,56.7,53.8,58.8,565.3,4.65,-0.2,6.3,38.8,15.925,-0.685,21.649,132.947,25.55,22.7,27.6,253.9,3.85,3.7,4,38.8,0.367,0.349,0.381,3.685,17252,16653,17605,171819,14021,13500,14458,140508,81.8,81.1,82.8,817.8,6,6,6,60,6,5,6,58,0,0,0,0,703.5,696,714,7047,100,100,100,1000,0.838,0.711,0.855,8.161,0,0,0,0,0,0,0,0,3574,3488,3635,35640,47.159,28.409,102.273,559.091
t2_8_2_3|A=20|B=25|S=0.1|D=16,candidate,t2_8_2_3,20,25,0.1,16,1001;1002;1003;1004;1005;1006;1007;1008;1009;1010,10,0,33.95,29.3,35.4,331.8,56.7,52.3,58.4,562.6,4.75,0.1,6.3,39.8,16.267,0.342,21.649,136.371,25.55,21.2,27.4,251.2,4,4,4.2,40.5,0.381,0.377,0.4,3.846,17813.5,17646,18264,178688,14705,14433,15101,147170,82.45,81.4,83.1,823.6,6,6,6,60,6,6,6,60,0,0,0,0,705,697,716,7060,100,100,100,1000,0.844,0.831,0.853,8.428,0,0,0,0,0,0,0,0,3573.5,3497,3740,35882,46.023,28.409,98.864,547.727
t2_8_2_3|A=20|B=25|S=0.1|D=24,candidate,t2_8_2_3,20,25,0.1,24,1001;1002;1003;1004;1005;1006;1007;1008;1009;1010,10,0,34.1,29.2,35.4,331.7,56.4,52.3,58.2,562.1,4.9,0,6.3,39.7,16.781,0,21.649,136.036,25.25,21.2,27.1,250.7,4.85,4.7,5.3,49,0.46,0.443,0.505,4.654,20834,20119,22270,209882,17663,16972,19190,178167,84.85,83.8,86.2,848.7,4,4,4,40,4,4,4,40,0,0,0,0,708,701,722,7097,100,100,100,1000,0.562,0.551,0.567,5.605,0,0,0,0,0,0,0,0,4170,4036,4344,41952,44.318,28.409,100,548.864
t2_8_2_3|A=20|B=25|S=0.1|D=32,candidate,t2_8_2_3,20,25,0.1,32,1001;1002;1003;1004;1005;1006;1007;1008;1009;1010,10,0,34.2,29,35.6,332.5,56.4,52.3,59.1,563.5,5,-0.2,6.5,40.5,17.123,-0.685,22.337,138.778,25.25,21.2,27.9,252.1,5.2,5.1,5.3,52,0.495,0.486,0.5,4.938,22145.5,21950,22552,221636,18939.5,18743,19221,189635,85.5,85.2,86.1,855.6,4,4,4,40,4,4,4,40,0,0,0,0,710.5,701,721,7107,100,100,100,1000,0.56,0.552,0.567,5.597,0,0,0,0,0,0,0,0,4163.5,4060,4258,41515,43.182,26.136,102.273,539.773
t2_8_2_3|A=25|B=20|S=0.1|D=16,candidate,t2_8_2_3,25,20,0.1,16,1001;1002;1003;1004;1005;1006;1007;1008;1009;1010,10,0,34.75,31.3,35.5,341.7,58.9,56.1,61.6,590.2,5.45,2.1,6.2,49.7,18.601,7.192,21.16,170.195,27.75,25,30.4,278.8,3.7,3.6,4,37.1,0.352,0.34,0.381,3.523,16314,16237,17385,164333,13236.5,13073,14169,133283,81.15,80.5,81.6,811,6,6,6,60,6,6,6,60,0,0,0,0,703,694,714,7037,100,100,100,1000,0.846,0.833,0.857,8.455,0,0,0,0,0,0,0,0,3929,3854,4044,39354,38.068,29.545,76.136,435.227
t2_8_2_3|A=25|B=20|S=0.1|D=12,candidate,t2_8_2_3,25,20,0.1,12,1001;1002;1003;1004;1005;1006;1007;1008;1009;1010,10,0,34.85,31.8,35.9,342.9,58.95,56.1,61.9,590.5,5.55,2.6,6.6,50.9,18.942,8.904,22.526,174.299,27.75,25,30.7,279.1,3.6,3.5,3.6,35.7,0.34,0.333,0.343,3.39,15989,15714,16124,159573,12849.5,12649,13063,128433,80.6,79.8,81.1,804.7,6,6,6,60,6,6,6,60,0,0,0,0,703,695,714,7036,100,100,100,1000,0.846,0.833,0.856,8.456,0,0,0,0,0,0,0,0,3935,3858,4049,39340,36.932,25,70.455,421.591
t2_8_2_3|A=25|B=20|S=0.1|D=24,candidate,t2_8_2_3,25,20,0.1,24,1001;1002;1003;1004;1005;1006;1007;1008;1009;1010,10,0,34.8,31.5,35.9,342.8,58.9,56,61.6,589.1,5.6,2.3,6.6,50.8,19.113,7.877,22.526,173.953,27.75,24.9,30.4,277.7,4.3,4.3,4.5,43.4,0.41,0.406,0.425,4.121,18780,18614,19117,188072,15644,15563,16036,157066,83.65,83,83.9,835.2,4,4,4,40,4,4,4,40,0,0,0,0,708,699,720,7087,100,100,100,1000,0.562,0.552,0.569,5.613,0,0,0,0,0,0,0,0,4536,4404,4664,45326,36.364,25,73.864,422.727
t2_8_2_3|A=25|B=20|S=0.1|D=32,candidate,t2_8_2_3,25,20,0.1,32,1001;1002;1003;1004;1005;1006;1007;1008;1009;1010,10,0,34.8,31.5,35.9,343.1,59,56.1,61.9,590.6,5.6,2.3,6.6,51.1,19.113,7.877,22.526,174.979,27.8,25,30.7,279.2,4.4,4.4,4.8,44.9,0.419,0.415,0.453,4.264,19092,18824,20228,192687,15976,15788,17145,161662,83.9,83.2,84.8,838.8,4,4,4,40,4,4,4,40,0,0,0,0,708,699,720,7088,100,100,100,1000,0.562,0.552,0.569,5.612,0,0,0,0,0,0,0,0,4534,4472,4648,45371,36.364,25,73.864,419.318
t2_8_2_3|A=25|B=25|S=0.1|D=12,candidate,t2_8_2_3,25,25,0.1,12,1001;1002;1003;1004;1005;1006;1007;1008;1009;1010,10,0,36.25,35.3,37.6,364,60.15,57.9,63.5,603.7,7,6.2,8.3,72,23.931,21.306,28.328,246.575,28.95,26.8,32.3,292.3,3.6,3.4,3.7,35.9,0.341,0.321,0.352,3.409,17353.5,16684,17637,172528,13172.5,12396,13506,130848,75.65,74.3,77.1,758.4,6,6,6,60,6,5,6,58,0,0,0,0,703.5,696,714,7048,100,100,100,1000,0.838,0.711,0.855,8.16,0,0,0,0,0,0,0,0,3271.5,3186,3348,32807,20.455,5.682,29.545,181.818
t2_8_2_3|A=25|B=25|S=0.1|D=16,candidate,t2_8_2_3,25,25,0.1,16,1001;1002;1003;1004;1005;1006;1007;1008;1009;1010,10,0,36.3,35.4,37.6,363.9,60.15,57.9,63.5,604.2,7.05,6.3,8.3,71.9,24.102,21.649,28.328,246.229,28.95,26.8,32.3,292.8,3.8,3.7,3.8,37.6,0.358,0.349,0.362,3.571,17851.5,17641,18243,178763,13733,13375,13934,136725,76.3,75.7,77.5,764.8,6,6,6,60,6,6,6,60,0,0,0,0,705,696,716,7058,100,100,100,1000,0.844,0.831,0.855,8.43,0,0,0,0,0,0,0,0,3266.5,3222,3441,32944,19.886,5.682,28.409,182.955
t2_8_2_3|A=25|B=25|S=0.1|D=32,candidate,t2_8_2_3,25,25,0.1,32,1001;1002;1003;1004;1005;1006;1007;1008;1009;1010,10,0,36.35,36,37.3,365.5,60.15,57.8,63.5,602.8,7.15,6.8,8.2,73.5,24.486,23.208,28.179,251.735,28.95,26.7,32.3,291.4,4.9,4.8,5,49,0.467,0.457,0.476,4.653,22144.5,21952,22554,221641,17845,17601,18130,178598,80.45,79.9,81.4,805.9,4,4,4,40,4,4,4,40,0,0,0,0,710.5,701,721,7107,100,100,100,1000,0.56,0.552,0.567,5.597,0,0,0,0,0,0,0,0,3847,3664,3955,38452,18.75,6.818,22.727,164.773
t2_8_2_3|A=25|B=25|S=0.1|D=24,candidate,t2_8_2_3,25,25,0.1,24,1001;1002;1003;1004;1005;1006;1007;1008;1009;1010,10,0,36.4,35.6,37.1,365,60.15,57.8,63.3,602.6,7.2,6.5,8,73,24.658,22.337,27.491,250.016,28.95,26.7,32.1,291.2,4.5,4.4,5,46.2,0.429,0.419,0.476,4.388,20673,20122,22267,210477,16392.5,15929,18114,167679,79.6,78.6,81.3,796.5,4,4,4,40,4,4,4,40,0,0,0,0,708.5,701,721,7098,100,100,100,1000,0.561,0.552,0.567,5.604,0,0,0,0,0,0,0,0,3843.5,3667,4010,38501,18.182,9.091,26.136,170.455
t2_6_locked,t2_6_locked_baseline,baseline,15,15,1.7,1.7,1001;1002;1003;1004;1005;1006;1007;1008;1009;1010,10,0,37.95,37.2,38.2,378.3,87.2,85.8,88.6,872.1,8.8,8,9,86.3,30.086,27.397,30.822,295.554,56,54.6,57.4,560.7,0.2,0.2,0.2,2,0.019,0.019,0.019,0.19,10210.5,9990,10393,101626,765.5,726,873,7803,7.5,7.3,8.5,76.8,32,31,32,316,29,26,30,286,0,0,0,0,651,643,665,6526,100,100,100,1000,4.24,3.763,4.451,41.991,0,0,0,0,0.5,0,10,23,3.5,2,7,35,0,-2.273,9.091,19.318
