scenario,seed,num_reads,num_stripes,zipf_s,num_windows,window_size,policy,timeout_ms,p50_ms,p95_ms,p99_ms,p99_improvement_pct,post_onset_p95_auc_ms,post_onset_p99_auc_ms,issued_shard_reads,bandwidth_overhead_pct,parity_reads,pre_slowdown_parity_reads,recovery_parity_reads,proactive_or_degraded_reads,decode_count,migration_triggers,migration_true_positives,migration_false_positives,migration_false_negatives,first_detection_latency_reads,first_mitigation_latency_reads,recovery_regret_reads,post_warmup_windowed_p99_ms,severe_window_p99_ms,read_bypass_eligible_events,read_bypass_triggered_events,read_bypass_coverage_pct
dynamic_degradation,42,100000,500,1.0,20,5000,vanilla_ec,15.0,14.0,65.4,91.0,0.0,503.2,3334.1,400000,0.0,0,0,0,0,0,0,-1,-1,-1,-1,-1,0,44.1,548.1,-1,-1,-1.0
dynamic_degradation,42,100000,500,1.0,20,5000,late_binding,15.0,11.4,16.1,19.1,79.0,38.4,50.8,500000,25.0,100000,15000,10460,100000,81644,0,-1,-1,-1,-1,2,28874,18.1,18.2,-1,-1,-1.0
dynamic_degradation,42,100000,500,1.0,20,5000,timeout_degraded_read,15.0,14.0,26.5,29.7,67.4,131.7,144.3,442398,10.6,42398,2463,8969,42398,23670,0,-1,-1,-1,2,10,18576,29.3,31.0,-1,-1,-1.0
dynamic_degradation,42,100000,500,1.0,20,5000,health_ec,15.0,12.6,17.4,22.5,75.2,21.1,87.8,417055,4.3,17055,0,5168,17055,16652,6,6,0,703,42,42,10149,19.2,19.0,15258,13947,91.4
dynamic_degradation,43,100000,500,1.0,20,5000,vanilla_ec,15.0,14.0,65.8,92.0,0.0,506.2,3332.5,400000,0.0,0,0,0,0,0,0,-1,-1,-1,-1,-1,0,43.7,547.5,-1,-1,-1.0
dynamic_degradation,43,100000,500,1.0,20,5000,late_binding,15.0,11.4,16.1,19.1,79.2,38.2,50.2,500000,25.0,100000,15000,10461,100000,81387,0,-1,-1,-1,-1,0,28613,18.2,18.2,-1,-1,-1.0
dynamic_degradation,43,100000,500,1.0,20,5000,timeout_degraded_read,15.0,14.0,26.5,29.7,67.7,133.7,144.4,441847,10.5,41847,2418,8955,41847,23406,0,-1,-1,-1,0,2,18311,29.3,31.3,-1,-1,-1.0
dynamic_degradation,43,100000,500,1.0,20,5000,health_ec,15.0,12.6,17.4,22.3,75.8,20.8,88.0,417148,4.3,17148,0,5165,17148,16727,6,6,0,704,24,24,10044,19.7,18.8,15328,14053,91.7
dynamic_degradation,44,100000,500,1.0,20,5000,vanilla_ec,15.0,14.0,65.4,90.2,0.0,504.3,3311.4,400000,0.0,0,0,0,0,0,0,-1,-1,-1,-1,-1,0,44.3,543.4,-1,-1,-1.0
dynamic_degradation,44,100000,500,1.0,20,5000,late_binding,15.0,11.4,16.2,19.2,78.7,37.0,50.4,500000,25.0,100000,15000,10544,100000,81563,0,-1,-1,-1,-1,4,28979,18.1,18.3,-1,-1,-1.0
dynamic_degradation,44,100000,500,1.0,20,5000,timeout_degraded_read,15.0,14.0,26.5,29.6,67.1,131.2,140.1,442432,10.6,42432,2541,9092,42432,23746,0,-1,-1,-1,4,13,18522,29.0,31.0,-1,-1,-1.0
dynamic_degradation,44,100000,500,1.0,20,5000,health_ec,15.0,12.6,17.4,22.4,75.1,21.0,89.3,417077,4.3,17077,0,5309,17077,16648,6,6,0,701,46,46,10224,19.2,18.9,15329,14004,91.4
dynamic_degradation,45,100000,500,1.0,20,5000,vanilla_ec,15.0,14.0,65.5,91.1,0.0,507.8,3327.1,400000,0.0,0,0,0,0,0,0,-1,-1,-1,-1,-1,0,43.2,547.2,-1,-1,-1.0
dynamic_degradation,45,100000,500,1.0,20,5000,late_binding,15.0,11.4,16.1,19.1,79.0,36.8,50.5,500000,25.0,100000,15000,10374,100000,81557,0,-1,-1,-1,-1,0,28581,18.1,18.1,-1,-1,-1.0
dynamic_degradation,45,100000,500,1.0,20,5000,timeout_degraded_read,15.0,14.0,26.5,29.7,67.4,133.0,144.4,442013,10.5,42013,2408,8915,42013,23600,0,-1,-1,-1,0,3,18316,29.2,31.1,-1,-1,-1.0
dynamic_degradation,45,100000,500,1.0,20,5000,health_ec,15.0,12.6,17.5,23.8,73.8,25.5,95.3,416949,4.2,16949,0,5091,16949,16576,6,6,0,704,52,52,9937,19.1,18.7,15548,13940,89.7
dynamic_degradation,46,100000,500,1.0,20,5000,vanilla_ec,15.0,14.0,65.3,91.1,0.0,504.9,3338.2,400000,0.0,0,0,0,0,0,0,-1,-1,-1,-1,-1,0,44.2,546.2,-1,-1,-1.0
dynamic_degradation,46,100000,500,1.0,20,5000,late_binding,15.0,11.4,16.2,19.3,78.9,38.3,51.9,500000,25.0,100000,15000,10435,100000,81410,0,-1,-1,-1,-1,2,28591,18.1,18.1,-1,-1,-1.0
dynamic_degradation,46,100000,500,1.0,20,5000,timeout_degraded_read,15.0,14.0,26.5,29.7,67.4,133.8,144.9,441901,10.5,41901,2350,8980,41901,23378,0,-1,-1,-1,2,2,18355,29.4,31.1,-1,-1,-1.0
dynamic_degradation,46,100000,500,1.0,20,5000,health_ec,15.0,12.6,17.4,22.7,75.1,23.3,94.9,417242,4.3,17242,0,5178,17242,16841,6,6,0,701,10,10,10092,19.1,18.9,15461,14123,91.3
dynamic_degradation,47,100000,500,1.0,20,5000,vanilla_ec,15.0,14.0,64.9,91.1,0.0,503.6,3330.9,400000,0.0,0,0,0,0,0,0,-1,-1,-1,-1,-1,0,44.3,547.6,-1,-1,-1.0
dynamic_degradation,47,100000,500,1.0,20,5000,late_binding,15.0,11.4,16.1,19.2,78.9,37.5,49.9,500000,25.0,100000,15000,10389,100000,81503,0,-1,-1,-1,-1,0,28698,18.2,18.2,-1,-1,-1.0
dynamic_degradation,47,100000,500,1.0,20,5000,timeout_degraded_read,15.0,14.0,26.4,29.5,67.6,130.3,140.0,442107,10.5,42107,2460,8922,42107,23409,0,-1,-1,-1,0,0,18439,29.3,31.0,-1,-1,-1.0
dynamic_degradation,47,100000,500,1.0,20,5000,health_ec,15.0,12.6,17.4,22.7,75.0,22.2,88.5,417492,4.4,17492,0,5133,17492,17077,6,6,0,710,53,53,10037,19.1,19.0,15756,14402,91.4
dynamic_degradation,48,100000,500,1.0,20,5000,vanilla_ec,15.0,14.0,65.1,91.7,0.0,505.9,3332.0,400000,0.0,0,0,0,0,0,0,-1,-1,-1,-1,-1,0,44.2,548.6,-1,-1,-1.0
dynamic_degradation,48,100000,500,1.0,20,5000,late_binding,15.0,11.4,16.1,19.2,79.1,35.8,49.5,500000,25.0,100000,15000,10429,100000,81380,0,-1,-1,-1,-1,3,28691,18.0,18.3,-1,-1,-1.0
dynamic_degradation,48,100000,500,1.0,20,5000,timeout_degraded_read,15.0,14.0,26.5,29.6,67.7,133.4,143.7,442171,10.5,42171,2437,8938,42171,23417,0,-1,-1,-1,3,9,18415,29.2,31.1,-1,-1,-1.0
dynamic_degradation,48,100000,500,1.0,20,5000,health_ec,15.0,12.6,17.4,23.4,74.5,22.8,94.6,417232,4.3,17232,0,5140,17232,16821,6,6,0,698,13,13,10047,19.2,19.1,15587,14136,90.7
dynamic_degradation,49,100000,500,1.0,20,5000,vanilla_ec,15.0,14.1,65.6,91.4,0.0,507.5,3334.7,400000,0.0,0,0,0,0,0,0,-1,-1,-1,-1,-1,0,44.6,549.2,-1,-1,-1.0
dynamic_degradation,49,100000,500,1.0,20,5000,late_binding,15.0,11.4,16.2,19.2,79.0,37.9,49.3,500000,25.0,100000,15000,10474,100000,81654,0,-1,-1,-1,-1,0,28637,18.0,18.1,-1,-1,-1.0
dynamic_degradation,49,100000,500,1.0,20,5000,timeout_degraded_read,15.0,14.1,26.5,29.7,67.6,132.1,143.7,442498,10.6,42498,2438,9015,42498,23778,0,-1,-1,-1,0,0,18480,29.3,31.2,-1,-1,-1.0
dynamic_degradation,49,100000,500,1.0,20,5000,health_ec,15.0,12.6,17.4,23.0,74.8,22.7,90.0,417130,4.3,17130,0,5130,17130,16765,6,6,0,710,15,15,10053,19.0,18.8,15498,14068,90.8
dynamic_degradation,50,100000,500,1.0,20,5000,vanilla_ec,15.0,14.0,65.3,91.2,0.0,502.6,3328.8,400000,0.0,0,0,0,0,0,0,-1,-1,-1,-1,-1,0,43.5,547.0,-1,-1,-1.0
dynamic_degradation,50,100000,500,1.0,20,5000,late_binding,15.0,11.4,16.2,19.3,78.9,37.4,51.2,500000,25.0,100000,15000,10457,100000,81549,0,-1,-1,-1,-1,1,28847,18.1,18.2,-1,-1,-1.0
dynamic_degradation,50,100000,500,1.0,20,5000,timeout_degraded_read,15.0,14.0,26.5,29.7,67.5,133.0,144.0,442109,10.5,42109,2473,8991,42109,23483,0,-1,-1,-1,1,2,18486,29.3,31.1,-1,-1,-1.0
dynamic_degradation,50,100000,500,1.0,20,5000,health_ec,15.0,12.6,17.4,22.8,75.0,21.6,91.5,416968,4.2,16968,0,5164,16968,16533,6,6,0,690,95,95,10115,19.2,18.9,15122,13783,91.1
dynamic_degradation,51,100000,500,1.0,20,5000,vanilla_ec,15.0,14.0,65.1,91.9,0.0,503.9,3314.9,400000,0.0,0,0,0,0,0,0,-1,-1,-1,-1,-1,0,44.6,543.8,-1,-1,-1.0
dynamic_degradation,51,100000,500,1.0,20,5000,late_binding,15.0,11.4,16.1,19.2,79.1,36.5,48.4,500000,25.0,100000,15000,10415,100000,81646,0,-1,-1,-1,-1,0,28692,18.2,18.2,-1,-1,-1.0
dynamic_degradation,51,100000,500,1.0,20,5000,timeout_degraded_read,15.0,14.0,26.5,29.6,67.8,132.0,140.1,442070,10.5,42070,2448,8921,42070,23435,0,-1,-1,-1,0,1,18404,28.9,31.1,-1,-1,-1.0
dynamic_degradation,51,100000,500,1.0,20,5000,health_ec,15.0,12.6,17.4,22.6,75.4,19.9,84.7,417175,4.3,17175,0,5119,17175,16767,6,6,0,718,81,81,10033,19.2,18.9,15426,14136,91.6
dynamic_degradation,52,100000,500,1.0,20,5000,vanilla_ec,15.0,14.0,65.5,91.2,0.0,503.4,3322.0,400000,0.0,0,0,0,0,0,0,-1,-1,-1,-1,-1,0,44.3,546.2,-1,-1,-1.0
dynamic_degradation,52,100000,500,1.0,20,5000,late_binding,15.0,11.4,16.2,19.2,78.9,37.8,50.0,500000,25.0,100000,15000,10594,100000,81657,0,-1,-1,-1,-1,3,28783,18.1,18.3,-1,-1,-1.0
dynamic_degradation,52,100000,500,1.0,20,5000,timeout_degraded_read,15.0,14.0,26.5,29.7,67.5,132.7,143.1,442355,10.6,42355,2437,9124,42355,23674,0,-1,-1,-1,3,7,18630,29.4,31.2,-1,-1,-1.0
dynamic_degradation,52,100000,500,1.0,20,5000,health_ec,15.0,12.6,17.4,22.9,74.9,22.1,85.5,416727,4.2,16727,0,5196,16727,16350,6,6,0,713,12,12,10234,19.2,18.9,15171,13756,90.7
dynamic_degradation,53,100000,500,1.0,20,5000,vanilla_ec,15.0,14.0,64.9,91.7,0.0,504.2,3342.9,400000,0.0,0,0,0,0,0,0,-1,-1,-1,-1,-1,0,45.8,546.4,-1,-1,-1.0
dynamic_degradation,53,100000,500,1.0,20,5000,late_binding,15.0,11.4,16.1,19.1,79.1,37.2,50.0,500000,25.0,100000,15000,10425,100000,81355,0,-1,-1,-1,-1,0,28495,18.1,18.1,-1,-1,-1.0
dynamic_degradation,53,100000,500,1.0,20,5000,timeout_degraded_read,15.0,14.0,26.5,29.6,67.7,131.4,142.8,441901,10.5,41901,2439,8971,41901,23354,0,-1,-1,-1,0,0,18300,29.1,31.1,-1,-1,-1.0
dynamic_degradation,53,100000,500,1.0,20,5000,health_ec,15.0,12.6,17.4,22.4,75.6,20.6,81.7,416713,4.2,16713,0,5196,16713,16335,6,6,0,703,55,55,9995,19.0,18.9,14956,13664,91.4
dynamic_degradation,54,100000,500,1.0,20,5000,vanilla_ec,15.0,14.0,65.6,91.6,0.0,504.7,3384.0,400000,0.0,0,0,0,0,0,0,-1,-1,-1,-1,-1,0,44.6,550.5,-1,-1,-1.0
dynamic_degradation,54,100000,500,1.0,20,5000,late_binding,15.0,11.4,16.2,19.1,79.1,37.8,51.6,500000,25.0,100000,15000,10317,100000,81324,0,-1,-1,-1,-1,1,28540,18.1,18.1,-1,-1,-1.0
dynamic_degradation,54,100000,500,1.0,20,5000,timeout_degraded_read,15.0,14.0,26.5,29.7,67.6,133.6,142.1,441994,10.5,41994,2364,8858,41994,23561,0,-1,-1,-1,1,1,18244,29.3,31.2,-1,-1,-1.0
dynamic_degradation,54,100000,500,1.0,20,5000,health_ec,15.0,12.6,17.4,23.0,74.9,24.4,87.2,417025,4.3,17025,0,5001,17025,16608,6,6,0,694,11,22,9955,19.0,18.8,15309,13891,90.7
dynamic_degradation,55,100000,500,1.0,20,5000,vanilla_ec,15.0,14.0,65.1,90.3,0.0,505.1,3311.3,400000,0.0,0,0,0,0,0,0,-1,-1,-1,-1,-1,0,43.6,544.9,-1,-1,-1.0
dynamic_degradation,55,100000,500,1.0,20,5000,late_binding,15.0,11.4,16.2,19.3,78.7,37.1,50.0,500000,25.0,100000,15000,10480,100000,81430,0,-1,-1,-1,-1,2,28745,18.2,18.2,-1,-1,-1.0
dynamic_degradation,55,100000,500,1.0,20,5000,timeout_degraded_read,15.0,14.0,26.5,29.6,67.2,132.8,141.6,442245,10.6,42245,2511,9014,42245,23349,0,-1,-1,-1,2,2,18516,29.3,31.1,-1,-1,-1.0
dynamic_degradation,55,100000,500,1.0,20,5000,health_ec,15.0,12.6,17.5,23.2,74.4,24.3,85.4,416879,4.2,16879,0,5156,16879,16499,6,6,0,705,53,53,10040,19.3,19.0,15299,13819,90.3
dynamic_degradation,56,100000,500,1.0,20,5000,vanilla_ec,15.0,14.0,65.1,91.1,0.0,504.3,3334.9,400000,0.0,0,0,0,0,0,0,-1,-1,-1,-1,-1,0,43.6,550.0,-1,-1,-1.0
dynamic_degradation,56,100000,500,1.0,20,5000,late_binding,15.0,11.4,16.2,19.2,78.9,38.0,51.8,500000,25.0,100000,15000,10433,100000,81450,0,-1,-1,-1,-1,0,28666,18.1,18.3,-1,-1,-1.0
dynamic_degradation,56,100000,500,1.0,20,5000,timeout_degraded_read,15.0,14.0,26.5,29.6,67.5,132.0,146.5,442046,10.5,42046,2401,8948,42046,23366,0,-1,-1,-1,0,5,18265,29.2,31.1,-1,-1,-1.0
dynamic_degradation,56,100000,500,1.0,20,5000,health_ec,15.0,12.6,17.4,23.0,74.8,23.3,90.4,416851,4.2,16851,0,5129,16851,16460,6,6,0,691,28,28,9987,19.0,18.8,15249,13825,90.7
dynamic_degradation,57,100000,500,1.0,20,5000,vanilla_ec,15.0,14.0,65.5,91.3,0.0,506.8,3327.9,400000,0.0,0,0,0,0,0,0,-1,-1,-1,-1,-1,0,43.6,548.1,-1,-1,-1.0
dynamic_degradation,57,100000,500,1.0,20,5000,late_binding,15.0,11.4,16.1,19.2,79.0,37.1,52.2,500000,25.0,100000,15000,10444,100000,81358,0,-1,-1,-1,-1,2,28732,18.1,18.2,-1,-1,-1.0
dynamic_degradation,57,100000,500,1.0,20,5000,timeout_degraded_read,15.0,14.0,26.5,29.6,67.5,134.1,142.8,442206,10.6,42206,2472,8932,42206,23387,0,-1,-1,-1,2,2,18397,29.1,31.1,-1,-1,-1.0
dynamic_degradation,57,100000,500,1.0,20,5000,health_ec,15.0,12.6,17.4,22.3,75.6,21.1,86.4,417173,4.3,17173,0,5219,17173,16762,6,6,0,689,70,70,10181,19.2,19.0,15323,13974,91.2
dynamic_degradation,58,100000,500,1.0,20,5000,vanilla_ec,15.0,14.0,65.1,90.9,0.0,503.6,3303.1,400000,0.0,0,0,0,0,0,0,-1,-1,-1,-1,-1,0,44.4,548.5,-1,-1,-1.0
dynamic_degradation,58,100000,500,1.0,20,5000,late_binding,15.0,11.4,16.1,19.2,78.9,36.1,49.3,500000,25.0,100000,15000,10554,100000,81756,0,-1,-1,-1,-1,1,28935,18.0,18.0,-1,-1,-1.0
dynamic_degradation,58,100000,500,1.0,20,5000,timeout_degraded_read,15.0,14.0,26.5,29.6,67.5,131.7,139.5,442041,10.5,42041,2431,9055,42041,23457,0,-1,-1,-1,1,1,18433,29.3,31.0,-1,-1,-1.0
dynamic_degradation,58,100000,500,1.0,20,5000,health_ec,15.0,12.6,17.4,22.7,75.0,21.9,87.0,416943,4.2,16943,0,5226,16943,16578,6,6,0,711,19,19,10185,19.2,18.9,15269,13894,91.0
dynamic_degradation,59,100000,500,1.0,20,5000,vanilla_ec,15.0,14.0,65.5,92.2,0.0,507.1,3404.3,400000,0.0,0,0,0,0,0,0,-1,-1,-1,-1,-1,0,44.2,551.4,-1,-1,-1.0
dynamic_degradation,59,100000,500,1.0,20,5000,late_binding,15.0,11.4,16.2,19.2,79.1,37.6,51.7,500000,25.0,100000,15000,10389,100000,81381,0,-1,-1,-1,-1,0,28669,18.2,18.3,-1,-1,-1.0
dynamic_degradation,59,100000,500,1.0,20,5000,timeout_degraded_read,15.0,14.0,26.5,29.7,67.8,132.4,142.0,442128,10.5,42128,2435,8921,42128,23475,0,-1,-1,-1,0,1,18352,29.2,31.2,-1,-1,-1.0
dynamic_degradation,59,100000,500,1.0,20,5000,health_ec,15.0,12.6,17.5,23.2,74.9,23.7,91.8,416790,4.2,16790,0,5136,16790,16401,6,6,0,684,14,16,10076,19.1,19.0,15210,13754,90.4
dynamic_degradation,60,100000,500,1.0,20,5000,vanilla_ec,15.0,14.0,65.1,92.4,0.0,507.5,3384.5,400000,0.0,0,0,0,0,0,0,-1,-1,-1,-1,-1,0,43.4,550.2,-1,-1,-1.0
dynamic_degradation,60,100000,500,1.0,20,5000,late_binding,15.0,11.4,16.1,19.3,79.1,37.7,51.6,500000,25.0,100000,15000,10482,100000,81445,0,-1,-1,-1,-1,0,28765,18.1,18.1,-1,-1,-1.0
dynamic_degradation,60,100000,500,1.0,20,5000,timeout_degraded_read,15.0,14.0,26.5,29.6,67.9,134.1,143.1,442137,10.5,42137,2399,9017,42137,23728,0,-1,-1,-1,0,0,18460,29.1,31.0,-1,-1,-1.0
dynamic_degradation,60,100000,500,1.0,20,5000,health_ec,15.0,12.6,17.4,23.5,74.5,25.9,91.3,416602,4.2,16602,0,5203,16602,16216,6,6,0,702,62,62,10133,19.1,18.9,15053,13512,89.8
dynamic_degradation,61,100000,500,1.0,20,5000,vanilla_ec,15.0,14.0,65.4,91.7,0.0,505.4,3332.5,400000,0.0,0,0,0,0,0,0,-1,-1,-1,-1,-1,0,43.9,548.2,-1,-1,-1.0
dynamic_degradation,61,100000,500,1.0,20,5000,late_binding,15.0,11.4,16.1,19.3,79.0,37.4,50.8,500000,25.0,100000,15000,10520,100000,81733,0,-1,-1,-1,-1,0,28851,18.1,18.2,-1,-1,-1.0
dynamic_degradation,61,100000,500,1.0,20,5000,timeout_degraded_read,15.0,14.0,26.5,29.6,67.7,132.0,141.3,442057,10.5,42057,2442,8986,42057,23401,0,-1,-1,-1,0,0,18384,29.1,31.0,-1,-1,-1.0
dynamic_degradation,61,100000,500,1.0,20,5000,health_ec,15.0,12.6,17.5,23.0,74.9,22.5,92.0,417251,4.3,17251,0,5227,17251,16868,7,7,0,703,16,25,10095,19.1,18.9,15506,14108,91.0
dynamic_degradation,62,100000,500,1.0,20,5000,vanilla_ec,15.0,14.0,65.4,90.8,0.0,503.2,3319.2,400000,0.0,0,0,0,0,0,0,-1,-1,-1,-1,-1,0,43.2,545.8,-1,-1,-1.0
dynamic_degradation,62,100000,500,1.0,20,5000,late_binding,15.0,11.4,16.2,19.3,78.8,38.0,52.1,500000,25.0,100000,15000,10482,100000,81747,0,-1,-1,-1,-1,1,28667,18.2,18.2,-1,-1,-1.0
dynamic_degradation,62,100000,500,1.0,20,5000,timeout_degraded_read,15.0,14.0,26.5,29.6,67.4,132.7,142.8,442144,10.5,42144,2360,8997,42144,23550,0,-1,-1,-1,1,6,18378,29.2,31.0,-1,-1,-1.0
dynamic_degradation,62,100000,500,1.0,20,5000,health_ec,15.0,12.6,17.4,22.8,74.9,22.2,90.2,417068,4.3,17068,0,5291,17068,16657,6,6,0,702,61,61,10162,19.3,18.9,15352,13956,90.9
dynamic_degradation,63,100000,500,1.0,20,5000,vanilla_ec,15.0,14.0,64.9,91.9,0.0,503.9,3333.0,400000,0.0,0,0,0,0,0,0,-1,-1,-1,-1,-1,0,43.8,548.6,-1,-1,-1.0
dynamic_degradation,63,100000,500,1.0,20,5000,late_binding,15.0,11.4,16.2,19.2,79.1,37.3,49.7,500000,25.0,100000,15000,10379,100000,81505,0,-1,-1,-1,-1,8,28558,18.2,18.2,-1,-1,-1.0
dynamic_degradation,63,100000,500,1.0,20,5000,timeout_degraded_read,15.0,14.0,26.5,29.6,67.8,133.0,143.4,442101,10.5,42101,2452,8933,42101,23187,0,-1,-1,-1,10,10,18345,29.2,31.1,-1,-1,-1.0
dynamic_degradation,63,100000,500,1.0,20,5000,health_ec,15.0,12.6,17.5,23.2,74.7,24.7,89.7,416771,4.2,16771,0,5115,16771,16387,6,6,0,677,40,40,9984,19.0,18.9,15207,13706,90.1
dynamic_degradation,64,100000,500,1.0,20,5000,vanilla_ec,15.0,14.0,65.0,90.7,0.0,502.9,3324.3,400000,0.0,0,0,0,0,0,0,-1,-1,-1,-1,-1,0,45.1,546.8,-1,-1,-1.0
dynamic_degradation,64,100000,500,1.0,20,5000,late_binding,15.0,11.4,16.1,19.3,78.8,38.5,52.3,500000,25.0,100000,15000,10527,100000,81396,0,-1,-1,-1,-1,2,28760,18.2,18.2,-1,-1,-1.0
dynamic_degradation,64,100000,500,1.0,20,5000,timeout_degraded_read,15.0,14.0,26.5,29.5,67.4,131.6,140.1,442138,10.5,42138,2459,8976,42138,23460,0,-1,-1,-1,2,2,18442,29.2,30.9,-1,-1,-1.0
dynamic_degradation,64,100000,500,1.0,20,5000,health_ec,15.0,12.6,17.4,23.1,74.6,22.2,87.6,416984,4.2,16984,0,5279,16984,16614,6,6,0,699,21,21,10237,19.5,19.1,15296,13811,90.3
dynamic_degradation,65,100000,500,1.0,20,5000,vanilla_ec,15.0,14.0,65.1,92.3,0.0,506.7,3337.7,400000,0.0,0,0,0,0,0,0,-1,-1,-1,-1,-1,0,43.7,548.5,-1,-1,-1.0
dynamic_degradation,65,100000,500,1.0,20,5000,late_binding,15.0,11.4,16.2,19.2,79.2,36.4,49.4,500000,25.0,100000,15000,10370,100000,81635,0,-1,-1,-1,-1,1,28511,18.1,18.2,-1,-1,-1.0
dynamic_degradation,65,100000,500,1.0,20,5000,timeout_degraded_read,15.0,14.0,26.4,29.6,67.9,131.8,141.9,442114,10.5,42114,2455,8985,42114,23449,0,-1,-1,-1,1,1,18452,29.1,31.1,-1,-1,-1.0
dynamic_degradation,65,100000,500,1.0,20,5000,health_ec,15.0,12.6,17.4,22.6,75.5,21.4,87.4,416946,4.2,16946,0,5122,16946,16535,6,6,0,681,23,23,10064,19.4,18.9,15047,13712,91.1
dynamic_degradation,66,100000,500,1.0,20,5000,vanilla_ec,15.0,14.0,65.6,91.7,0.0,507.3,3338.7,400000,0.0,0,0,0,0,0,0,-1,-1,-1,-1,-1,0,43.4,549.1,-1,-1,-1.0
dynamic_degradation,66,100000,500,1.0,20,5000,late_binding,15.0,11.4,16.2,19.3,79.0,37.9,50.1,500000,25.0,100000,15000,10529,100000,81485,0,-1,-1,-1,-1,0,29034,18.2,18.2,-1,-1,-1.0
dynamic_degradation,66,100000,500,1.0,20,5000,timeout_degraded_read,15.0,14.0,26.5,29.6,67.7,132.6,143.9,442355,10.6,42355,2464,9042,42355,23563,0,-1,-1,-1,0,0,18616,29.2,30.9,-1,-1,-1.0
dynamic_degradation,66,100000,500,1.0,20,5000,health_ec,15.0,12.6,17.5,23.0,75.0,23.9,85.4,417016,4.3,17016,0,5208,17016,16647,6,6,0,718,7,7,10197,19.1,18.9,15367,13980,91.0
dynamic_degradation,67,100000,500,1.0,20,5000,vanilla_ec,15.0,14.0,65.0,91.2,0.0,505.2,3338.3,400000,0.0,0,0,0,0,0,0,-1,-1,-1,-1,-1,0,42.8,548.2,-1,-1,-1.0
dynamic_degradation,67,100000,500,1.0,20,5000,late_binding,15.0,11.4,16.2,19.3,78.9,38.6,53.0,500000,25.0,100000,15000,10467,100000,81396,0,-1,-1,-1,-1,0,28662,18.2,18.2,-1,-1,-1.0
dynamic_degradation,67,100000,500,1.0,20,5000,timeout_degraded_read,15.0,14.0,26.5,29.6,67.5,133.1,142.8,442050,10.5,42050,2425,8991,42050,23220,0,-1,-1,-1,0,0,18379,29.0,31.1,-1,-1,-1.0
dynamic_degradation,67,100000,500,1.0,20,5000,health_ec,15.0,12.6,17.4,22.6,75.3,20.9,93.7,417262,4.3,17262,0,5071,17262,16870,6,6,0,697,43,43,10038,19.1,19.0,15429,14130,91.6
dynamic_degradation,68,100000,500,1.0,20,5000,vanilla_ec,15.0,14.0,65.2,90.6,0.0,502.8,3323.4,400000,0.0,0,0,0,0,0,0,-1,-1,-1,-1,-1,0,43.6,547.7,-1,-1,-1.0
dynamic_degradation,68,100000,500,1.0,20,5000,late_binding,15.0,11.4,16.1,19.1,78.9,36.8,49.0,500000,25.0,100000,15000,10418,100000,81431,0,-1,-1,-1,-1,0,28576,18.0,18.1,-1,-1,-1.0
dynamic_degradation,68,100000,500,1.0,20,5000,timeout_degraded_read,15.0,14.0,26.5,29.7,67.2,133.1,142.7,442043,10.5,42043,2441,8958,42043,23263,0,-1,-1,-1,0,2,18255,29.4,31.1,-1,-1,-1.0
dynamic_degradation,68,100000,500,1.0,20,5000,health_ec,15.0,12.6,17.4,22.6,75.0,21.2,83.9,417160,4.3,17160,0,5161,17160,16762,6,6,0,710,27,27,10045,18.9,18.9,15414,14035,91.1
dynamic_degradation,69,100000,500,1.0,20,5000,vanilla_ec,15.0,14.0,65.1,91.4,0.0,502.2,3339.0,400000,0.0,0,0,0,0,0,0,-1,-1,-1,-1,-1,0,44.3,550.2,-1,-1,-1.0
dynamic_degradation,69,100000,500,1.0,20,5000,late_binding,15.0,11.4,16.2,19.3,78.9,38.7,51.9,500000,25.0,100000,15000,10308,100000,81442,0,-1,-1,-1,-1,1,28576,18.1,18.2,-1,-1,-1.0
dynamic_degradation,69,100000,500,1.0,20,5000,timeout_degraded_read,15.0,14.0,26.5,29.7,67.6,132.0,144.0,442073,10.5,42073,2390,8870,42073,23469,0,-1,-1,-1,1,1,18343,29.2,31.2,-1,-1,-1.0
dynamic_degradation,69,100000,500,1.0,20,5000,health_ec,15.0,12.6,17.4,22.7,75.2,22.7,89.5,417230,4.3,17230,0,5165,17230,16794,6,6,0,695,21,21,10160,19.3,19.0,15378,13979,90.9
dynamic_degradation,70,100000,500,1.0,20,5000,vanilla_ec,15.0,14.0,65.2,90.5,0.0,499.5,3319.2,400000,0.0,0,0,0,0,0,0,-1,-1,-1,-1,-1,0,43.9,545.6,-1,-1,-1.0
dynamic_degradation,70,100000,500,1.0,20,5000,late_binding,15.0,11.4,16.1,19.2,78.8,37.2,49.5,500000,25.0,100000,15000,10381,100000,81435,0,-1,-1,-1,-1,1,28617,18.1,18.1,-1,-1,-1.0
dynamic_degradation,70,100000,500,1.0,20,5000,timeout_degraded_read,15.0,14.0,26.5,29.6,67.3,130.2,144.7,441903,10.5,41903,2434,8914,41903,23333,0,-1,-1,-1,1,1,18279,29.1,31.1,-1,-1,-1.0
dynamic_degradation,70,100000,500,1.0,20,5000,health_ec,15.0,12.6,17.4,22.7,74.9,20.3,87.5,416926,4.2,16926,0,5089,16926,16545,6,6,0,694,8,8,10052,19.2,19.0,15174,13790,90.9
dynamic_degradation,71,100000,500,1.0,20,5000,vanilla_ec,15.0,14.0,65.2,92.0,0.0,504.6,3344.1,400000,0.0,0,0,0,0,0,0,-1,-1,-1,-1,-1,0,43.6,551.3,-1,-1,-1.0
dynamic_degradation,71,100000,500,1.0,20,5000,late_binding,15.0,11.4,16.1,19.1,79.2,36.4,48.5,500000,25.0,100000,15000,10285,100000,81417,0,-1,-1,-1,-1,1,28617,18.1,18.1,-1,-1,-1.0
dynamic_degradation,71,100000,500,1.0,20,5000,timeout_degraded_read,15.0,14.0,26.5,29.6,67.8,130.8,142.2,442034,10.5,42034,2389,8806,42034,23565,0,-1,-1,-1,1,6,18293,29.0,31.3,-1,-1,-1.0
dynamic_degradation,71,100000,500,1.0,20,5000,health_ec,15.0,12.6,17.5,23.1,74.9,22.8,82.0,417157,4.3,17157,0,5001,17157,16751,6,6,0,711,28,28,9978,19.0,18.9,15565,14099,90.6
